Epochs,Activation function,Hidden nodes,Optimizer,Initializer,Regularizer,In-sample RMSE,Out-of-sample RMSE,Out-of-sample Accuracy
300,relu,11,Momentum,Xavier,0.001,0.04402107372879982,1189.7017024213285,0.9789473684210527
300,tanh,8,Momentum,Xavier,0.001,0.04316204413771629,1236.558209775106,0.968421052631579
200,relu,8,Adam,Xavier,0.0001,0.04590414837002754,1250.4889040375651,0.9789473684210527
300,relu,11,Adam,Xavier,0.001,0.038807544857263565,1357.5373621273263,0.9578947368421052
200,tanh,8,SGD,Xavier,0.001,0.06248950958251953,1371.7267695534981,0.9789473684210527
300,relu,8,Adam,Xavier,0.001,0.04571463167667389,1428.73158446769,0.9578947368421052
200,tanh,5,Adam,Xavier,0.0001,0.04244546592235565,1467.1001311856119,0.9789473684210527
100,tanh,11,Momentum,Xavier,0,0.0446789413690567,1477.561005664666,0.9263157894736842
200,relu,11,Momentum,small_random,0.001,0.05727745220065117,1515.7771717373685,0.9578947368421052
300,relu,5,SGD,small_random,0,0.0716451108455658,1548.041273304907,0.9263157894736842
300,tanh,11,Adam,Xavier,0.001,0.04101675748825073,1555.9795109873799,0.9368421052631579
300,sigmoid,5,SGD,small_random,0.0001,0.12238214910030365,1597.1775003575874,0.8842105263157894
300,sigmoid,8,SGD,Xavier,0.001,0.06461869180202484,1645.6620209967718,0.9263157894736842
300,sigmoid,5,Momentum,small_random,0,0.06627487391233444,1661.7346306544455,0.8842105263157894
300,relu,11,Momentum,small_random,0.001,0.04343373700976372,1672.5694028050395,0.9368421052631579
100,relu,8,Momentum,Xavier,0,0.05028105899691582,1683.938172230536,0.9368421052631579
100,relu,5,Momentum,Xavier,0.0001,0.051342081278562546,1696.793185414705,0.9263157894736842
300,sigmoid,11,Adam,small_random,0.0001,0.04737613722681999,1707.593135889424,0.9052631578947369
100,tanh,5,Momentum,Xavier,0.0001,0.06129729747772217,1709.8521513788223,0.9473684210526315
100,relu,8,Adam,Xavier,0.001,0.04856106638908386,1710.4325897497615,0.9052631578947369
300,tanh,8,Adam,Xavier,0,0.04515260457992554,1714.7188961096588,0.9052631578947369
300,tanh,11,Adam,Xavier,0.0001,0.0395403727889061,1715.1422023192,0.9157894736842105
300,tanh,8,Adam,Xavier,0.001,0.04398517310619354,1724.4478169288932,0.9263157894736842
300,tanh,8,SGD,Xavier,0,0.05191981792449951,1729.0416897685202,0.9368421052631579
300,relu,11,Momentum,small_random,0.0001,0.05596436187624931,1730.7337397215279,0.9157894736842105
200,relu,11,Momentum,Xavier,0.0001,0.04415185749530792,1748.8833864092458,0.9157894736842105
100,tanh,11,Adam,Xavier,0,0.05129508674144745,1776.6873611279,0.9052631578947369
300,sigmoid,5,Adam,Xavier,0.0001,0.04575137048959732,1778.3658410588755,0.9052631578947369
200,sigmoid,8,Momentum,Xavier,0,0.054771583527326584,1782.4398132894332,0.8947368421052632
300,tanh,11,Momentum,Xavier,0,0.04137713089585304,1784.977575233074,0.8736842105263158
200,sigmoid,5,SGD,Xavier,0.0001,0.0716945230960846,1795.4012955163535,0.9157894736842105
300,sigmoid,11,Adam,small_random,0.001,0.04762067645788193,1814.4184468532028,0.9052631578947369
300,tanh,5,Adam,Xavier,0.0001,0.0436328761279583,1817.8644203496751,0.9157894736842105
300,sigmoid,11,Adam,Xavier,0,0.04339301958680153,1823.595854895456,0.8947368421052632
300,relu,5,Momentum,Xavier,0,0.05016851797699928,1832.2961460416914,0.9263157894736842
200,tanh,5,SGD,Xavier,0.001,0.053986236453056335,1839.511455921583,0.9157894736842105
200,relu,8,SGD,Xavier,0,0.05743693932890892,1846.5469361448947,0.9157894736842105
100,relu,11,Momentum,Xavier,0,0.047099485993385315,1858.3828943408546,0.8947368421052632
200,sigmoid,11,Adam,small_random,0.001,0.052576713263988495,1863.4614046446493,0.8947368421052632
200,tanh,5,Adam,Xavier,0.001,0.04047590494155884,1873.2672288036133,0.8947368421052632
300,relu,5,Adam,Xavier,0,0.040932510048151016,1879.811251634972,0.9368421052631579
200,sigmoid,11,Momentum,Xavier,0.0001,0.056937504559755325,1887.3486961785306,0.8210526315789474
200,sigmoid,5,SGD,Xavier,0,0.08237040042877197,1896.927620219746,0.8947368421052632
300,relu,11,SGD,small_random,0,0.07289161533117294,1909.722697490188,0.8947368421052632
200,sigmoid,5,Momentum_with_cosine,Xavier,0.001,0.1934894472360611,1913.3413659737196,0.9263157894736842
200,tanh,11,Adam,Xavier,0.0001,0.04236060380935669,1917.2642340045124,0.8947368421052632
200,relu,8,Momentum,Xavier,0,0.04552096873521805,1929.1448129053472,0.8842105263157894
100,sigmoid,8,Momentum,Xavier,0,0.05739722400903702,1935.5536126865632,0.7789473684210526
200,sigmoid,11,SGD,Xavier,0.0001,0.07782983034849167,1941.3772831042043,0.8947368421052632
200,tanh,5,Momentum,Xavier,0.001,0.047101184725761414,1942.027669582171,0.8947368421052632
300,tanh,8,SGD,Xavier,0.0001,0.06201547756791115,1943.790843053592,0.8736842105263158
200,sigmoid,11,Adam,Xavier,0.0001,0.04645044729113579,1957.901648101735,0.8736842105263158
300,sigmoid,8,Adam,Xavier,0.0001,0.04562228545546532,1966.9218841925187,0.8842105263157894
300,tanh,11,Momentum,small_random,0.001,0.04191632568836212,1968.3710967890931,0.9157894736842105
200,tanh,8,Momentum,Xavier,0.001,0.04423302784562111,1988.4257858786534,0.8631578947368421
300,tanh,11,Momentum,Xavier,0.001,0.04160379618406296,1998.542758883252,0.8842105263157894
100,tanh,11,SGD,Xavier,0,0.06297614425420761,2020.7853246686352,0.8631578947368421
300,relu,5,Momentum,Xavier,0.0001,0.048626236617565155,2053.325201483813,0.9052631578947369
300,sigmoid,11,Momentum,Xavier,0.001,0.04895397648215294,2063.2746132484654,0.8631578947368421
200,relu,5,Adam,small_random,0,0.06366832554340363,2068.1319640185466,0.8842105263157894
100,relu,8,Momentum,small_random,0.0001,0.08170575648546219,2078.9544904331865,0.8631578947368421
300,sigmoid,11,Adam,Xavier,0.0001,0.04561763256788254,2108.092092228513,0.8736842105263158
300,sigmoid,5,Momentum,Xavier,0.001,0.05475746467709541,2108.1271955267903,0.8315789473684211
200,sigmoid,8,Momentum,Xavier,0.001,0.05361613258719444,2118.2321362702714,0.8631578947368421
200,tanh,5,SGD,Xavier,0.0001,0.08726223558187485,2123.01506296275,0.8526315789473684
200,relu,11,Adam,Xavier,0,0.04341459646821022,2127.9011798081856,0.8947368421052632
200,sigmoid,11,Adam,Xavier,0.001,0.049066971987485886,2132.151174151628,0.8526315789473684
100,relu,8,Momentum,small_random,0,0.08666997402906418,2132.7533844423174,0.8210526315789474
300,sigmoid,5,Adam,small_random,0.001,0.05032108724117279,2144.788676896571,0.8631578947368421
300,relu,11,Momentum,Xavier,0.0001,0.04544564336538315,2146.052846500811,0.7894736842105263
100,tanh,11,Adam,Xavier,0.001,0.045794300734996796,2153.367247697782,0.8526315789473684
200,tanh,8,Momentum,Xavier,0.0001,0.04517647996544838,2167.587589337845,0.8631578947368421
300,tanh,11,Momentum,Xavier,0.0001,0.04175024852156639,2168.4080432975165,0.8736842105263158
200,tanh,11,Momentum,Xavier,0.001,0.04354491084814072,2168.527918156768,0.7789473684210526
200,relu,5,Momentum,small_random,0.0001,0.06761340796947479,2180.8650707038623,0.8315789473684211
300,relu,8,Momentum,Xavier,0.0001,0.048160944133996964,2192.5718759972347,0.8736842105263158
300,sigmoid,11,Momentum,Xavier,0,0.05172218009829521,2200.175740448878,0.8421052631578947
100,tanh,11,Momentum,Xavier,0.0001,0.045028090476989746,2200.756429997271,0.8105263157894737
200,relu,8,Adam,Xavier,0.001,0.042705945670604706,2202.9537970109363,0.7789473684210526
200,relu,5,Momentum,Xavier,0,0.04416980594396591,2203.077400625555,0.8631578947368421
300,relu,5,SGD,Xavier,0.001,0.0551300086081028,2206.079870377896,0.8421052631578947
300,tanh,8,Adam,small_random,0.001,0.04531943053007126,2207.3575795355023,0.7684210526315789
200,sigmoid,5,Momentum,Xavier,0.001,0.05769873782992363,2225.9097061521893,0.8210526315789474
300,sigmoid,11,SGD,Xavier,0,0.07205028086900711,2230.1318373796926,0.8631578947368421
200,relu,8,Adam,Xavier,0,0.05464090034365654,2232.5247656609854,0.8315789473684211
300,sigmoid,8,Adam,small_random,0,0.04181881621479988,2232.820551646974,0.9052631578947369
300,relu,11,Adam,Xavier,0,0.04021226614713669,2238.4269555823835,0.8842105263157894
300,sigmoid,11,SGD,Xavier,0.0001,0.06887684017419815,2239.0626751887007,0.8842105263157894
200,relu,5,Adam,Xavier,0,0.05330333858728409,2267.87479735875,0.8105263157894737
300,sigmoid,11,Momentum,small_random,0,0.062227509915828705,2269.219497649321,0.8
300,sigmoid,5,Adam,Xavier,0.001,0.05399062857031822,2294.8477882967545,0.8421052631578947
300,tanh,11,SGD,Xavier,0,0.06281881779432297,2296.863447183877,0.8315789473684211
300,sigmoid,5,Momentum,Xavier,0.0001,0.05561499297618866,2301.357446007653,0.8526315789473684
100,sigmoid,11,Momentum,Xavier,0.0001,0.0634554997086525,2302.0496067322892,0.8631578947368421
300,relu,5,Adam,Xavier,0.001,0.04963845759630203,2302.670961224079,0.8421052631578947
300,sigmoid,8,Adam,Xavier,0.001,0.05418192222714424,2307.2753172532284,0.8210526315789474
300,tanh,5,Adam,Xavier,0.001,0.045876942574977875,2314.6202568800795,0.7894736842105263
100,relu,5,Momentum,small_random,0,0.12234106659889221,2315.2805680251618,0.8526315789473684
300,tanh,5,Momentum,Xavier,0.001,0.04377467930316925,2338.590646528194,0.7473684210526316
100,sigmoid,11,Momentum,small_random,0,0.061995986849069595,2344.4377787722883,0.7789473684210526
300,tanh,5,Momentum,Xavier,0,0.04326055198907852,2354.902636006749,0.7894736842105263
300,relu,5,Adam,Xavier,0.0001,0.047297410666942596,2376.186327261587,0.7684210526315789
300,sigmoid,8,Adam,small_random,0.001,0.05193866789340973,2383.529878104985,0.8105263157894737
100,relu,8,Adam,Xavier,0,0.05754432454705238,2399.6355845440125,0.8631578947368421
300,relu,11,SGD,Xavier,0.001,0.059474095702171326,2402.053823161273,0.8526315789473684
100,sigmoid,11,Adam,Xavier,0.0001,0.050375960767269135,2402.6422133470314,0.8105263157894737
200,sigmoid,8,Adam,Xavier,0.001,0.053267668932676315,2405.0588266675904,0.8105263157894737
300,sigmoid,8,Momentum,Xavier,0.001,0.05143735930323601,2408.2662950660133,0.8210526315789474
300,relu,8,Adam,Xavier,0.0001,0.04241292551159859,2410.183287506693,0.7157894736842105
200,sigmoid,5,Momentum,small_random,0.001,0.07064134627580643,2419.626957688368,0.7368421052631579
200,sigmoid,5,Adam,small_random,0.0001,0.05880939960479736,2433.376876571569,0.7789473684210526
300,sigmoid,5,Adam,Xavier,0,0.047393444925546646,2433.514903885527,0.8315789473684211
200,relu,11,Momentum,Xavier,0,0.04591524973511696,2444.49487272872,0.8526315789473684
200,tanh,5,Momentum,Xavier,0.0001,0.0457579642534256,2458.1427944527645,0.8
200,tanh,8,Adam,small_random,0.001,0.04804801568388939,2465.770574358613,0.7789473684210526
100,sigmoid,11,Adam,Xavier,0,0.05726958438754082,2469.987278429088,0.8
100,relu,5,Momentum,Xavier,0,0.05541672930121422,2477.557742106702,0.8315789473684211
100,relu,11,Momentum,Xavier,0.0001,0.05262140557169914,2488.2887998537235,0.8526315789473684
100,relu,5,SGD,Xavier,0,0.09555228054523468,2489.89265116989,0.6842105263157895
200,sigmoid,8,Momentum,small_random,0.001,0.05962888523936272,2492.8019073775445,0.8210526315789474
300,relu,8,Momentum,Xavier,0.001,0.04659616947174072,2502.050316810172,0.8105263157894737
200,tanh,5,Adam,Xavier,0,0.04241786152124405,2502.3524805162624,0.8105263157894737
200,relu,8,SGD_with_cosine,Xavier,0.0001,0.14744576811790466,2520.273732850529,0.7894736842105263
300,tanh,8,Adam,Xavier,0.0001,0.040901001542806625,2520.823974762299,0.7684210526315789
100,sigmoid,11,Momentum,Xavier,0.001,0.05737445130944252,2525.119506566039,0.8
100,tanh,8,Adam,Xavier,0.001,0.06196850165724754,2527.9194379051,0.7894736842105263
200,tanh,5,Momentum,Xavier,0,0.0573553740978241,2544.3636516742467,0.8105263157894737
200,tanh,11,Adam,Xavier,0.001,0.05257843807339668,2550.3278048860125,0.7473684210526316
100,tanh,8,SGD,Xavier,0.0001,0.062233518809080124,2559.7675026013244,0.7578947368421053
100,sigmoid,5,Adam,Xavier,0.0001,0.04848611354827881,2561.152783790972,0.8
200,sigmoid,5,SGD,small_random,0.0001,0.09239364415407181,2572.195527197545,0.7578947368421053
200,tanh,8,Adam,Xavier,0.001,0.045728232711553574,2577.366097414465,0.7157894736842105
200,sigmoid,11,Momentum,Xavier,0,0.05380222946405411,2578.9452836197356,0.8315789473684211
200,sigmoid,11,Adam,Xavier,0,0.0606544055044651,2592.0799778397763,0.7894736842105263
100,sigmoid,8,Adam,Xavier,0,0.07999894767999649,2595.6061231607755,0.8105263157894737
100,sigmoid,5,SGD,Xavier,0.001,0.10306946188211441,2623.437112323983,0.7368421052631579
100,relu,11,Adam,Xavier,0.0001,0.04764305427670479,2634.8859482249322,0.7052631578947368
200,relu,5,SGD,small_random,0.0001,0.1048876941204071,2637.0728278603233,0.7473684210526316
200,tanh,5,SGD,small_random,0,0.11846098303794861,2639.261376467537,0.7263157894736842
100,tanh,5,Adam,Xavier,0.001,0.06413702666759491,2647.5267338995604,0.7052631578947368
300,relu,8,Adam,Xavier,0,0.04819739609956741,2679.4614432900994,0.6947368421052632
200,tanh,11,SGD,Xavier,0.0001,0.0637245923280716,2705.292525002735,0.7578947368421053
200,tanh,11,Momentum,Xavier,0.0001,0.045013584196567535,2706.5552646108217,0.7894736842105263
100,tanh,8,Momentum,Xavier,0.0001,0.05212240666151047,2719.581006539005,0.8105263157894737
200,relu,5,Adam,Xavier,0.001,0.04116823524236679,2721.576781902454,0.7157894736842105
100,sigmoid,8,Momentum,Xavier,0.001,0.05944987013936043,2725.257150409372,0.7368421052631579
300,tanh,11,Adam,Xavier,0,0.04165041819214821,2727.238945597516,0.7894736842105263
300,sigmoid,8,SGD,small_random,0.001,0.08513614535331726,2728.007628531843,0.7052631578947368
200,sigmoid,5,Momentum,Xavier,0.0001,0.06334877759218216,2728.2163967686506,0.7578947368421053
200,tanh,8,Adam,Xavier,0.0001,0.04399016872048378,2729.2417796430523,0.7578947368421053
100,sigmoid,11,Adam,small_random,0,0.061504852026700974,2729.772104311368,0.7368421052631579
200,sigmoid,5,Adam,small_random,0.001,0.09184639900922775,2753.8458682576156,0.7368421052631579
300,sigmoid,8,Adam,Xavier,0,0.05214405432343483,2760.8450110345293,0.7368421052631579
100,sigmoid,11,SGD,Xavier,0.001,0.09028208255767822,2762.3209517503747,0.7789473684210526
200,relu,8,Momentum,small_random,0.001,0.06165727972984314,2770.2807401310442,0.7578947368421053
300,relu,8,SGD,Xavier,0.0001,0.0631110742688179,2771.3333792109916,0.7157894736842105
200,tanh,5,Momentum,small_random,0.001,0.05904959514737129,2780.550639872978,0.8105263157894737
200,sigmoid,8,SGD,small_random,0,0.08408337086439133,2788.3022448939896,0.7684210526315789
100,tanh,11,Momentum,small_random,0.001,0.06378623098134995,2792.064265584548,0.7157894736842105
200,sigmoid,11,Momentum,Xavier,0.001,0.05414814129471779,2798.7400183675686,0.7263157894736842
200,sigmoid,11,SGD,Xavier,0.001,0.0822707787156105,2804.413986376189,0.7684210526315789
300,relu,8,Momentum,small_random,0,0.04668600484728813,2808.6062146599484,0.7157894736842105
300,tanh,5,Momentum,small_random,0.0001,0.057555388659238815,2829.7904012376393,0.7052631578947368
200,relu,5,Adam,small_random,0.0001,0.08303868025541306,2830.929886242765,0.8842105263157894
300,relu,11,Adam,Xavier,0.0001,0.03853807970881462,2832.3447561077287,0.7263157894736842
100,sigmoid,11,SGD,Xavier,0,0.09212060272693634,2840.8951586040644,0.7684210526315789
100,sigmoid,5,Momentum,Xavier,0,0.05923173576593399,2854.0076544901085,0.7473684210526316
200,sigmoid,5,Adam,Xavier,0.0001,0.06644938886165619,2861.9331324968634,0.7052631578947368
300,relu,11,Adam,small_random,0.0001,0.0626935213804245,2872.215411402051,0.6842105263157895
200,sigmoid,5,Momentum,Xavier,0,0.05465104430913925,2884.014481668713,0.6947368421052632
300,sigmoid,11,Momentum_with_cosine,small_random,0,0.153412863612175,2885.186939596778,0.7578947368421053
300,tanh,5,Momentum,small_random,0.001,0.04667981341481209,2886.2346950537717,0.6105263157894737
300,sigmoid,11,SGD,small_random,0,0.10036986321210861,2900.7432996294133,0.7368421052631579
300,tanh,8,SGD,small_random,0,0.09674838185310364,2901.573069616736,0.6842105263157895
300,tanh,5,Momentum,Xavier,0.0001,0.04507118836045265,2911.3273674415127,0.7578947368421053
300,tanh,11,SGD,Xavier,0.0001,0.06885822117328644,2918.6808338131495,0.7368421052631579
100,sigmoid,5,Momentum,Xavier,0.001,0.06202413886785507,2921.230399341686,0.7263157894736842
300,sigmoid,8,Adam,small_random,0.0001,0.04387276619672775,2924.0902482041747,0.7368421052631579
300,tanh,8,Momentum,Xavier,0.0001,0.042494915425777435,2925.316598914365,0.7473684210526316
200,tanh,11,Adam,small_random,0,0.06504092365503311,2925.5473036520048,0.7368421052631579
200,sigmoid,8,Adam,Xavier,0,0.060802966356277466,2938.706205932103,0.7684210526315789
100,sigmoid,11,Adam,small_random,0.001,0.06843691319227219,2945.067345186836,0.7052631578947368
300,relu,8,Momentum,Xavier,0,0.041666410863399506,2946.203649057355,0.7473684210526316
200,sigmoid,8,Momentum,Xavier,0.0001,0.05837181583046913,2948.8769510037655,0.7157894736842105
100,relu,5,SGD,Xavier,0.001,0.09208282828330994,2953.2510099528026,0.6947368421052632
200,sigmoid,5,Adam,Xavier,0,0.07943053543567657,2960.792555665614,0.8105263157894737
300,sigmoid,8,Momentum,small_random,0.0001,0.06520407646894455,2972.104422241708,0.7368421052631579
300,tanh,11,Momentum,small_random,0.0001,0.06083771586418152,3004.138667459614,0.6
300,sigmoid,5,Momentum,small_random,0.001,0.061707351356744766,3005.234425669496,0.6526315789473685
300,sigmoid,5,Adam,small_random,0.0001,0.061551086604595184,3006.249295128388,0.7578947368421053
200,sigmoid,11,Adam,small_random,0.0001,0.05022285133600235,3015.3926545468003,0.7684210526315789
100,tanh,5,Momentum,small_random,0,0.07045716792345047,3017.256702143372,0.6842105263157895
300,sigmoid,11,Adam,Xavier,0.001,0.05110891908407211,3034.0970671818814,0.6947368421052632
300,sigmoid,5,Momentum,small_random,0.0001,0.0582323782145977,3054.2024675713133,0.6
300,tanh,5,Adam,small_random,0.001,0.051372673362493515,3054.478922219521,0.8105263157894737
300,sigmoid,11,SGD,Xavier,0.001,0.07325384765863419,3075.259998289227,0.6842105263157895
100,relu,8,SGD,small_random,0.0001,0.09575348347425461,3085.71522290265,0.7263157894736842
200,tanh,5,SGD,small_random,0.001,0.10361579060554504,3089.3349510642406,0.7263157894736842
100,tanh,11,SGD,small_random,0.001,0.10781525075435638,3090.8154654274877,0.7263157894736842
300,relu,8,Momentum,small_random,0.001,0.04770044609904289,3098.4851012311797,0.7157894736842105
200,sigmoid,5,Adam,Xavier,0.001,0.08111410588026047,3117.423951727664,0.6631578947368421
100,relu,8,SGD,small_random,0.001,0.07417932897806168,3127.1829023534133,0.7157894736842105
200,tanh,5,Adam,small_random,0.0001,0.05211364105343819,3131.479128244382,0.7368421052631579
200,sigmoid,5,Momentum,small_random,0.0001,0.06413132697343826,3133.620309730046,0.6105263157894737
200,tanh,8,Momentum,Xavier,0,0.049925483763217926,3139.231190736656,0.7368421052631579
100,relu,5,Adam,Xavier,0.0001,0.08729252964258194,3144.6258014363675,0.7157894736842105
300,tanh,8,Momentum,Xavier,0,0.041978105902671814,3145.848546851638,0.5789473684210527
100,tanh,5,Adam,small_random,0.0001,0.0801251009106636,3156.3009940846932,0.7473684210526316
200,sigmoid,5,SGD,Xavier,0.001,0.097817562520504,3159.0319797728857,0.6631578947368421
200,tanh,8,Momentum,small_random,0.0001,0.06637091934680939,3159.341000481206,0.7157894736842105
200,sigmoid,8,Adam,small_random,0.001,0.05498308688402176,3170.4433188738044,0.7684210526315789
200,sigmoid,11,Adam,small_random,0,0.06840893626213074,3172.9942742710714,0.7157894736842105
200,sigmoid,11,SGD,small_random,0,0.10233066231012344,3173.0305067271415,0.6210526315789474
200,relu,5,SGD,small_random,0.001,0.11814354360103607,3204.2544062641414,0.6842105263157895
300,tanh,11,SGD,Xavier,0.001,0.056691527366638184,3205.877605663553,0.7684210526315789
200,relu,11,SGD,small_random,0.001,0.0634276270866394,3219.1670704959165,0.7263157894736842
100,sigmoid,11,SGD,Xavier,0.0001,0.13169829547405243,3224.654201271809,0.6105263157894737
100,relu,11,Adam,Xavier,0,0.04792826995253563,3244.2244431142453,0.7157894736842105
100,sigmoid,5,Momentum,Xavier,0.0001,0.05575483664870262,3261.618723108508,0.6
300,tanh,5,Adam,Xavier,0,0.04250968620181084,3262.5414510278206,0.7052631578947368
100,sigmoid,5,Adam,Xavier,0,0.10194307565689087,3263.821016485708,0.7052631578947368
100,relu,5,SGD,Xavier,0.0001,0.07334624230861664,3293.6422923257674,0.6842105263157895
100,tanh,8,Momentum,Xavier,0.001,0.051801566034555435,3294.885488370462,0.6526315789473685
300,sigmoid,8,SGD,small_random,0,0.08509135991334915,3303.39021815059,0.8
300,relu,11,SGD,Xavier,0.0001,0.06316361576318741,3325.3919268017303,0.5684210526315789
100,relu,5,Adam,Xavier,0.001,0.0566379576921463,3341.291484494977,0.7894736842105263
100,sigmoid,8,Momentum,Xavier,0.0001,0.0563553161919117,3357.1161212266047,0.6842105263157895
200,tanh,5,SGD,small_random,0.0001,0.12079762667417526,3371.857191917238,0.7157894736842105
200,tanh,11,Adam,Xavier,0,0.04777752608060837,3375.185687037981,0.6105263157894737
100,tanh,8,Adam_with_cosine,small_random,0.0001,0.4773678481578827,3384.9858714315374,0.5684210526315789
100,sigmoid,8,Adam,Xavier,0.0001,0.05244828015565872,3410.330277995324,0.6210526315789474
200,relu,11,Adam,Xavier,0.001,0.04778515174984932,3433.4766036862206,0.5789473684210527
100,tanh,8,Momentum,Xavier,0,0.05148208886384964,3464.373808693467,0.6842105263157895
300,tanh,8,Momentum,small_random,0.001,0.04962190240621567,3467.9287449944213,0.7263157894736842
300,relu,11,SGD,Xavier,0,0.07342543452978134,3473.148974480742,0.6105263157894737
100,sigmoid,5,Adam,small_random,0,0.0731717124581337,3526.0400168224487,0.6526315789473685
100,sigmoid,11,Adam,Xavier,0.001,0.06844113022089005,3529.642480974452,0.6105263157894737
200,tanh,11,SGD,Xavier,0.001,0.06119582802057266,3531.485670577034,0.6526315789473685
200,tanh,11,Momentum,Xavier,0,0.04595275968313217,3532.391003011192,0.7578947368421053
200,tanh,11,Momentum,small_random,0.001,0.051067352294921875,3537.6770304310076,0.6631578947368421
300,tanh,11,SGD,small_random,0,0.07942270487546921,3539.7250586409928,0.6526315789473685
100,tanh,11,Momentum,Xavier,0.001,0.0520983561873436,3549.9298049861673,0.6631578947368421
100,tanh,11,SGD,Xavier,0.001,0.07753195613622665,3554.220494634921,0.6210526315789474
100,sigmoid,5,SGD,Xavier,0.0001,0.12943992018699646,3557.349994703905,0.631578947368421
200,sigmoid,5,Momentum,small_random,0,0.061959829181432724,3563.3245047232826,0.7894736842105263
300,sigmoid,8,Momentum,small_random,0.001,0.050572097301483154,3575.9069498810577,0.6736842105263158
100,sigmoid,11,Momentum,Xavier,0,0.06026070564985275,3585.984512439277,0.6736842105263158
200,sigmoid,8,Momentum,small_random,0,0.06466967612504959,3586.979650791391,0.6210526315789474
100,relu,11,Momentum,Xavier,0.001,0.058850254863500595,3593.69353102544,0.5578947368421052
100,tanh,8,Momentum,small_random,0.0001,0.08374560624361038,3630.512434034725,0.631578947368421
300,sigmoid,8,SGD,Xavier,0.0001,0.07467452436685562,3632.3748936262455,0.6631578947368421
100,sigmoid,8,Momentum,small_random,0.001,0.07819833606481552,3639.1853286371766,0.6210526315789474
300,relu,5,SGD,Xavier,0.0001,0.06795685738325119,3639.5743044531278,0.6526315789473685
300,relu,8,SGD,small_random,0.001,0.06715678423643112,3647.469547130872,0.6526315789473685
100,sigmoid,11,Momentum,small_random,0.0001,0.07582102715969086,3673.0277190680363,0.47368421052631576
100,relu,8,Adam,Xavier,0.0001,0.07090837508440018,3694.2371347211856,0.49473684210526314
100,sigmoid,5,Adam,small_random,0.001,0.05630756542086601,3702.71530858673,0.47368421052631576
300,tanh,8,SGD,Xavier,0.001,0.052159857004880905,3702.7279699463593,0.37894736842105264
200,tanh,8,Adam,Xavier,0,0.05152740702033043,3704.666514201321,0.5684210526315789
300,sigmoid,5,SGD,Xavier,0.001,0.08093627542257309,3715.450489836589,0.6736842105263158
100,sigmoid,5,Adam,small_random,0.0001,0.05173935368657112,3730.1335360034127,0.6947368421052632
300,sigmoid,5,SGD_with_cosine,small_random,0,0.3843124806880951,3731.1787675315036,0.5052631578947369
300,sigmoid,8,Momentum,Xavier,0.0001,0.05591241270303726,3732.0570211019754,0.6631578947368421
200,relu,8,SGD,small_random,0.0001,0.07048656046390533,3740.5800117871686,0.5473684210526316
200,relu,5,Momentum,small_random,0.001,0.2607128322124481,3747.5168740476724,0.6210526315789474
200,relu,5,Momentum,Xavier,0.001,0.260858416557312,3747.5399749515414,0.6210526315789474
300,sigmoid,11,SGD,small_random,0.0001,0.07093673944473267,3757.722976458241,0.6842105263157895
200,sigmoid,8,Adam,small_random,0.0001,0.05240711197257042,3770.7267154998585,0.6
300,relu,8,SGD,small_random,0.0001,0.06345174461603165,3795.835081474002,0.5684210526315789
300,sigmoid,8,SGD,small_random,0.0001,0.11377061903476715,3809.2520513160907,0.5789473684210527
200,tanh,11,Adam,small_random,0.0001,0.08575937896966934,3833.8025390319417,0.6736842105263158
200,relu,11,Momentum,Xavier,0.001,0.047076839953660965,3837.6315839118542,0.6210526315789474
200,relu,8,SGD,small_random,0,0.07940347492694855,3854.294369431802,0.6842105263157895
200,sigmoid,8,SGD,Xavier,0.0001,0.08111800998449326,3865.0417091435093,0.6736842105263158
300,sigmoid,11,Momentum,small_random,0.001,0.0540071576833725,3888.313778622715,0.5789473684210527
300,sigmoid,11,Momentum,small_random,0.0001,0.0648510679602623,3891.7453498968034,0.5578947368421052
200,tanh,11,SGD,Xavier,0,0.05338349565863609,3923.534225003735,0.42105263157894735
200,tanh,8,Adam,small_random,0.0001,0.06362681090831757,3946.3643043451893,0.7263157894736842
100,relu,8,Momentum,small_random,0.001,0.07993878424167633,3960.789493314295,0.37894736842105264
300,relu,5,Momentum,Xavier,0.001,0.047392792999744415,3964.3824713188624,0.6210526315789474
100,sigmoid,8,Adam,Xavier,0.001,0.06891092658042908,3966.7017221006163,0.6105263157894737
300,tanh,5,Adam,small_random,0.0001,0.04988207295536995,3968.7354765013106,0.4421052631578947
300,sigmoid,8,Momentum,Xavier,0,0.05060352757573128,3994.367774255758,0.5894736842105263
200,sigmoid,8,Adam,Xavier,0.0001,0.051968589425086975,4008.400529472431,0.6105263157894737
200,tanh,11,SGD,small_random,0,0.08713304251432419,4013.4388979313526,0.6105263157894737
100,sigmoid,5,Momentum_with_cosine,Xavier,0.001,0.08537252247333527,4017.8706064162147,0.5578947368421052
100,sigmoid,5,SGD,Xavier,0,0.08459717780351639,4022.5308948299144,0.6526315789473685
100,sigmoid,5,SGD,small_random,0.0001,0.09234175086021423,4027.5462499935006,0.6210526315789474
200,tanh,8,SGD,Xavier,0,0.05283697322010994,4032.342876610429,0.3473684210526316
100,relu,5,SGD_with_cosine,Xavier,0.0001,0.37798818945884705,4038.56292566683,0.6842105263157895
200,relu,8,Momentum,Xavier,0.001,0.04622489959001541,4046.7534821400973,0.5578947368421052
200,sigmoid,8,Adam,small_random,0,0.10155688226222992,4049.432481206148,0.4105263157894737
300,relu,5,Adam_with_cosine,Xavier,0.0001,0.3380597233772278,4052.5209376828066,0.45263157894736844
200,relu,5,Momentum,small_random,0,0.05705763027071953,4071.072600333256,0.5789473684210527
200,sigmoid,11,Momentum,small_random,0.0001,0.050809234380722046,4082.5620428967623,0.6105263157894737
200,relu,5,SGD,small_random,0,0.09265758097171783,4084.3107051407515,0.5368421052631579
100,relu,11,Momentum,small_random,0,0.08023077249526978,4087.6055104024163,0.5368421052631579
200,relu,5,SGD,Xavier,0.0001,0.08864861726760864,4088.8441480335,0.5157894736842106
200,relu,8,Adam,small_random,0.001,0.06879674643278122,4129.93094006374,0.5263157894736842
300,tanh,11,Adam,small_random,0.001,0.047382693737745285,4131.774908367044,0.631578947368421
100,sigmoid,8,SGD,small_random,0,0.11869829893112183,4145.1829953190145,0.30526315789473685
200,relu,11,Momentum_with_cosine,Xavier,0.001,0.4046006500720978,4158.477212509202,0.5894736842105263
100,tanh,5,Adam,Xavier,0.0001,0.06571891903877258,4160.524725374082,0.5789473684210527
200,relu,5,Adam,Xavier,0.0001,0.06903810799121857,4199.483159262358,0.5473684210526316
300,sigmoid,8,SGD,Xavier,0,0.0710626170039177,4200.851173544178,0.5368421052631579
300,sigmoid,5,Momentum,Xavier,0,0.05494052544236183,4222.426383568169,0.49473684210526314
200,relu,8,Momentum,Xavier,0.0001,0.04697444662451744,4237.75030631728,0.6
200,tanh,8,Adam,small_random,0,0.06728900223970413,4257.453421311193,0.5684210526315789
200,tanh,8,SGD,small_random,0,0.09444671124219894,4269.611769362626,0.5789473684210527
100,relu,8,Momentum,Xavier,0.0001,0.05030488222837448,4271.761835039693,0.6
300,relu,11,Momentum,Xavier,0,0.05171293392777443,4281.905928526898,0.5578947368421052
200,sigmoid,8,SGD,small_random,0.0001,0.09807246178388596,4292.807089548173,0.5894736842105263
300,sigmoid,5,SGD,Xavier,0.0001,0.07090865075588226,4300.042355313079,0.5789473684210527
300,tanh,5,SGD,Xavier,0.0001,0.05901983380317688,4303.572720201581,0.5368421052631579
100,tanh,8,Adam_with_cosine,Xavier,0.001,0.24935196340084076,4363.9236740224,0.3157894736842105
100,sigmoid,11,SGD,small_random,0,0.12033092975616455,4389.008689528959,0.43157894736842106
300,tanh,5,SGD,small_random,0.001,0.11832026392221451,4393.2407577798585,0.47368421052631576
300,tanh,11,Adam,small_random,0,0.04630279168486595,4400.417184094231,0.6
200,tanh,11,SGD,small_random,0.001,0.09135760366916656,4408.8010076928385,0.4421052631578947
200,sigmoid,8,SGD,Xavier,0.001,0.08457274734973907,4419.610849077319,0.4631578947368421
200,tanh,5,Adam,small_random,0.001,0.05274520814418793,4447.461480764282,0.43157894736842106
200,relu,11,Momentum,small_random,0,0.054480791091918945,4448.030193007499,0.7473684210526316
300,tanh,8,Momentum,small_random,0,0.0595780611038208,4458.23242343051,0.6631578947368421
100,sigmoid,8,SGD,Xavier,0.0001,0.10920389741659164,4469.502371896341,0.6
100,tanh,5,Momentum,Xavier,0.001,0.04994445666670799,4472.343597905998,0.5894736842105263
100,sigmoid,5,Momentum_with_cosine,Xavier,0.0001,0.1756489872932434,4497.667325992593,0.43157894736842106
100,tanh,11,Momentum_with_cosine,Xavier,0.0001,0.2700498402118683,4502.538360168748,0.49473684210526314
100,relu,11,SGD,Xavier,0,0.07390418648719788,4511.528980022892,0.5368421052631579
100,tanh,8,SGD,Xavier,0,0.0809672474861145,4539.14234282764,0.5052631578947369
200,sigmoid,5,SGD,small_random,0,0.11958974599838257,4543.336333118501,0.47368421052631576
300,relu,5,Momentum,small_random,0.001,0.049323562532663345,4558.3819819312685,0.5578947368421052
100,relu,5,Momentum,small_random,0.001,0.11176994442939758,4558.479912588615,0.3368421052631579
200,sigmoid,11,SGD,small_random,0.001,0.09725111722946167,4565.633051392049,0.37894736842105264
300,relu,8,SGD,small_random,0,0.07642917335033417,4569.866874711391,0.4842105263157895
100,relu,11,Adam_with_cosine,Xavier,0,0.3546045422554016,4574.092348008038,0.37894736842105264
300,sigmoid,11,Momentum,Xavier,0.0001,0.051458314061164856,4581.821544974912,0.6
200,tanh,11,Adam_with_cosine,Xavier,0.0001,0.2981133460998535,4585.709337007096,0.3894736842105263
100,tanh,5,Adam,Xavier,0,0.060022033751010895,4607.827132553968,0.5368421052631579
300,tanh,5,SGD,Xavier,0,0.07043798267841339,4618.407051157272,0.5684210526315789
100,relu,8,Adam,small_random,0.001,0.08475303649902344,4619.922410286318,0.5368421052631579
300,relu,11,Adam,small_random,0,0.0701984167098999,4631.744914570259,0.5684210526315789
300,tanh,8,Momentum,small_random,0.0001,0.0557682029902935,4635.479820981524,0.5684210526315789
200,tanh,11,SGD,small_random,0.0001,0.07434815913438797,4663.630358583731,0.49473684210526314
100,tanh,8,SGD,small_random,0.0001,0.14915332198143005,4688.048570663257,0.3894736842105263
200,relu,5,Momentum_with_cosine,Xavier,0,0.4155016243457794,4696.88434357439,0.5368421052631579
200,sigmoid,5,Adam,small_random,0,0.06302578002214432,4721.2181440462355,0.5263157894736842
200,relu,5,Adam,small_random,0.001,0.11639388650655746,4722.992689369881,0.5263157894736842
300,relu,11,SGD,small_random,0.001,0.11943315714597702,4731.906894852339,0.45263157894736844
300,tanh,5,Adam,small_random,0,0.06662063300609589,4736.075534441795,0.5263157894736842
100,tanh,5,SGD,Xavier,0.001,0.07170732319355011,4741.8187823674525,0.5368421052631579
200,sigmoid,8,Momentum_with_cosine,small_random,0.0001,0.3653973340988159,4760.037198202668,0.5157894736842106
200,sigmoid,8,Momentum_with_cosine,Xavier,0.0001,0.25370335578918457,4791.366518260632,0.4631578947368421
300,sigmoid,11,Adam,small_random,0,0.042297884821891785,4806.0367657803545,0.6631578947368421
100,tanh,5,Adam,small_random,0.001,0.08638828992843628,4809.3422712655665,0.49473684210526314
100,relu,11,SGD,Xavier,0.001,0.0766037255525589,4833.513109784877,0.5263157894736842
100,sigmoid,8,Adam,small_random,0,0.06071764975786209,4834.961454816254,0.6210526315789474
300,sigmoid,5,Adam,small_random,0,0.06258983165025711,4836.26927648106,0.5894736842105263
300,relu,8,SGD,Xavier,0,0.06885082274675369,4850.417230209244,0.4842105263157895
100,relu,8,SGD,Xavier,0.001,0.09290353953838348,4868.662598844838,0.5263157894736842
100,sigmoid,11,SGD,small_random,0.0001,0.11175507307052612,4918.541795937765,0.5052631578947369
100,sigmoid,5,Momentum,small_random,0.0001,0.09677994251251221,4926.568808924017,0.5368421052631579
200,tanh,5,Adam_with_cosine,Xavier,0.001,0.3112298548221588,4927.548850836823,0.35789473684210527
200,tanh,5,Momentum,small_random,0.0001,0.09773014485836029,4953.456264644323,0.3368421052631579
300,tanh,5,SGD,small_random,0,0.09849033504724503,4955.586837046657,0.4842105263157895
100,sigmoid,5,Adam,Xavier,0.001,0.06563104689121246,4977.82844252986,0.5578947368421052
100,tanh,8,Adam,Xavier,0.0001,0.04927150160074234,5025.227850121074,0.29473684210526313
100,tanh,11,Adam,small_random,0.0001,0.14165101945400238,5029.068054939794,0.42105263157894735
100,relu,11,SGD_with_cosine,Xavier,0,0.5418076515197754,5051.3147306934725,0.30526315789473685
100,relu,5,Momentum,Xavier,0.001,0.06384115666151047,5053.116224383777,0.5684210526315789
100,tanh,11,SGD,Xavier,0.0001,0.08419620245695114,5060.796777310201,0.4842105263157895
100,relu,8,SGD,Xavier,0.0001,0.07108676433563232,5083.168071190925,0.5578947368421052
100,sigmoid,8,Adam,small_random,0.001,0.08201748877763748,5084.365773189319,0.5263157894736842
100,relu,5,Adam,Xavier,0,0.08543393015861511,5091.760816745986,0.5473684210526316
200,relu,11,Adam,small_random,0,0.06903572380542755,5104.602901443328,0.5157894736842106
100,tanh,8,Adam,small_random,0.001,0.09139818698167801,5124.504700559504,0.3894736842105263
200,tanh,8,Momentum,small_random,0.001,0.05343816801905632,5140.0501764871415,0.4421052631578947
200,tanh,11,Adam,small_random,0.001,0.0464240238070488,5149.9625601201715,0.3263157894736842
100,sigmoid,11,Momentum_with_cosine,Xavier,0.001,0.33051905035972595,5217.896765524624,0.5263157894736842
300,tanh,5,Momentum,small_random,0,0.06685882806777954,5262.225357521569,0.49473684210526314
100,tanh,5,Momentum,Xavier,0,0.06505807489156723,5289.886928097976,0.29473684210526313
300,tanh,8,SGD,small_random,0.001,0.09180860966444016,5309.411860772404,0.4631578947368421
200,relu,5,Momentum,Xavier,0.0001,0.04936292767524719,5331.265596185649,0.5473684210526316
300,relu,8,Adam,small_random,0,0.06354060769081116,5336.888645202936,0.4421052631578947
300,sigmoid,5,Momentum_with_cosine,Xavier,0.0001,0.2759266793727875,5369.505207479749,0.2631578947368421
200,sigmoid,11,SGD,Xavier,0,0.0911053791642189,5372.916534473588,0.47368421052631576
200,relu,5,SGD,Xavier,0,0.07269645482301712,5383.834701198408,0.30526315789473685
100,sigmoid,5,Momentum,small_random,0,0.10445408523082733,5385.377959775014,0.45263157894736844
300,relu,11,SGD,small_random,0.0001,0.09701339155435562,5404.45310073136,0.5578947368421052
100,relu,11,SGD,small_random,0.001,0.08592743426561356,5414.475698382524,0.5263157894736842
300,tanh,5,SGD_with_cosine,Xavier,0.001,0.3989787995815277,5414.833444308938,0.24210526315789474
100,tanh,8,Adam,Xavier,0,0.08420267701148987,5428.52963434908,0.5684210526315789
100,relu,11,SGD,Xavier,0.0001,0.0825127363204956,5477.419789149393,0.24210526315789474
200,tanh,8,SGD,Xavier,0.0001,0.07242848724126816,5486.760858563857,0.5052631578947369
100,tanh,11,Momentum,small_random,0,0.057102881371974945,5521.828517614711,0.35789473684210527
100,sigmoid,8,SGD_with_cosine,Xavier,0,0.2998305559158325,5564.6376747621125,0.14736842105263157
200,relu,11,SGD,Xavier,0.001,0.06915368139743805,5570.627056375974,0.3368421052631579
100,sigmoid,8,SGD,small_random,0.0001,0.13310688734054565,5572.188271864453,0.25263157894736843
300,relu,5,SGD,small_random,0.0001,0.08554254472255707,5574.121916970808,0.5052631578947369
300,tanh,11,Adam,small_random,0.0001,0.04632585123181343,5596.301256209705,0.43157894736842106
200,tanh,11,Momentum,small_random,0.0001,0.06561952084302902,5627.348114682256,0.43157894736842106
100,tanh,5,SGD_with_cosine,small_random,0.001,0.15587183833122253,5654.4481254140865,0.30526315789473685
100,tanh,11,SGD,small_random,0.0001,0.08683750033378601,5658.321797806846,0.22105263157894736
200,sigmoid,11,SGD_with_cosine,Xavier,0.0001,0.29719629883766174,5664.916468827127,0.23157894736842105
300,sigmoid,5,SGD,Xavier,0,0.11039203405380249,5696.9263293890135,0.21052631578947367
200,relu,8,Adam,small_random,0,0.06239248439669609,5703.337669403874,0.4631578947368421
300,tanh,5,SGD,Xavier,0.001,0.07790838181972504,5714.3337677396,0.5052631578947369
100,relu,5,Adam,small_random,0,0.24887394905090332,5719.605030433956,0.4421052631578947
200,sigmoid,8,SGD,small_random,0.001,0.12396333366632462,5740.19167806003,0.5473684210526316
200,relu,11,Adam,Xavier,0.0001,0.04339522868394852,5750.343513772363,0.6
100,sigmoid,8,Momentum,small_random,0,0.07228153944015503,5782.6914448630805,0.5263157894736842
300,tanh,8,Adam,small_random,0,0.052776578813791275,5783.985268670456,0.6105263157894737
200,sigmoid,8,Momentum_with_cosine,Xavier,0,0.28918594121932983,5809.2035169106575,0.4105263157894737
100,tanh,8,SGD,Xavier,0.001,0.07403536140918732,5832.651389646875,0.5368421052631579
300,sigmoid,8,SGD_with_cosine,small_random,0.0001,0.32378655672073364,5844.93972376452,0.30526315789473685
300,relu,8,Adam,small_random,0.0001,0.05477526783943176,5855.571728948588,0.5052631578947369
100,tanh,11,Momentum,small_random,0.0001,0.0743042528629303,5892.088054572698,0.4421052631578947
100,relu,11,SGD,small_random,0,0.06682366132736206,5931.658374276516,0.5263157894736842
300,tanh,5,SGD,small_random,0.0001,0.10959932953119278,5933.563427723151,0.2736842105263158
200,tanh,5,SGD,Xavier,0,0.06072499603033066,5991.9718039772315,0.3368421052631579
200,sigmoid,5,Adam_with_cosine,small_random,0,0.5002132654190063,6041.936859293604,0.5157894736842106
100,sigmoid,8,SGD,Xavier,0.001,0.09724026173353195,6057.534934199066,0.5157894736842106
200,sigmoid,11,Momentum,small_random,0.001,0.06789158284664154,6059.539472503771,0.47368421052631576
100,sigmoid,8,SGD,small_random,0.001,0.10478898137807846,6066.71218937152,0.21052631578947367
200,tanh,11,Adam_with_cosine,Xavier,0,0.41097381711006165,6123.568866355228,0.4631578947368421
200,sigmoid,5,SGD,small_random,0.001,0.10081946849822998,6136.988582577076,0.3157894736842105
100,sigmoid,8,SGD,Xavier,0,0.13427846133708954,6185.774874433756,0.3894736842105263
200,relu,11,SGD,Xavier,0.0001,0.05996231362223625,6192.682385392076,0.4842105263157895
300,relu,8,Adam_with_cosine,Xavier,0.001,0.31726473569869995,6205.925749724763,0.35789473684210527
200,tanh,8,SGD,small_random,0.0001,0.08998694270849228,6221.504354676698,0.4842105263157895
100,sigmoid,5,Adam_with_cosine,small_random,0.0001,0.3710169196128845,6222.308578891121,0.4
300,tanh,8,Momentum_with_cosine,small_random,0,0.3637758195400238,6240.009382096412,0.3368421052631579
100,tanh,5,SGD,Xavier,0.0001,0.08886504173278809,6245.792788636737,0.2736842105263158
200,relu,5,SGD,Xavier,0.001,0.06401579827070236,6248.136057955942,0.5684210526315789
100,sigmoid,5,Momentum,small_random,0.001,0.0704396441578865,6252.518419421868,0.22105263157894736
100,tanh,5,Momentum_with_cosine,Xavier,0.0001,0.4680946469306946,6253.46801360418,0.3157894736842105
200,relu,8,SGD,Xavier,0.001,0.07113539427518845,6286.818324063213,0.3473684210526316
100,tanh,5,SGD,Xavier,0,0.07422923296689987,6292.132066015959,0.5263157894736842
200,relu,11,SGD,small_random,0,0.12054532021284103,6318.534712614202,0.42105263157894735
200,sigmoid,11,Momentum,small_random,0,0.06550633162260056,6323.538147576755,0.5473684210526316
100,tanh,11,Adam_with_cosine,Xavier,0.0001,0.5494134426116943,6326.687893892405,0.49473684210526314
100,sigmoid,11,Adam_with_cosine,small_random,0.0001,0.48636847734451294,6335.979268404858,0.12631578947368421
200,relu,8,Momentum,small_random,0,0.06649289280176163,6351.087018519409,0.45263157894736844
100,tanh,11,Adam,small_random,0.001,0.06959895044565201,6368.774995437522,0.2631578947368421
100,relu,5,SGD,small_random,0.0001,0.11058273911476135,6372.727180231461,0.29473684210526313
200,sigmoid,5,Adam_with_cosine,small_random,0.0001,0.48936769366264343,6386.298085682829,0.4105263157894737
100,tanh,8,Adam,small_random,0.0001,0.09201906621456146,6388.68051746372,0.2736842105263158
200,sigmoid,11,SGD,small_random,0.0001,0.08804763108491898,6394.942853471685,0.4
100,tanh,11,Adam,Xavier,0.0001,0.06760221719741821,6401.940546510433,0.43157894736842106
200,sigmoid,11,SGD_with_cosine,small_random,0.001,0.2723003029823303,6406.820802560667,0.12631578947368421
100,relu,11,Adam,Xavier,0.001,0.053649451583623886,6427.883963076768,0.5473684210526316
200,relu,11,SGD,small_random,0.0001,0.08387091755867004,6448.797539702484,0.24210526315789474
200,tanh,11,Momentum,small_random,0,0.059569086879491806,6456.372368072913,0.2
100,sigmoid,11,Adam_with_cosine,small_random,0,0.4129510819911957,6463.296718097979,0.3684210526315789
100,relu,8,Adam,small_random,0.0001,0.08903173357248306,6491.835671987867,0.5263157894736842
200,relu,8,SGD,Xavier,0.0001,0.06762681156396866,6498.010545368856,0.6105263157894737
100,relu,8,SGD,Xavier,0,0.08622938394546509,6508.922364418971,0.43157894736842106
100,sigmoid,11,SGD,small_random,0.001,0.08935347199440002,6557.202977570232,0.18947368421052632
200,relu,8,Momentum,small_random,0.0001,0.05694999173283577,6573.2541419271365,0.5263157894736842
100,sigmoid,5,SGD,small_random,0.001,0.11332359164953232,6595.178051746011,0.2631578947368421
200,sigmoid,8,SGD_with_cosine,Xavier,0,0.2861746549606323,6611.346240852761,0.25263157894736843
100,sigmoid,8,SGD_with_cosine,small_random,0.0001,0.40639352798461914,6612.936132088975,0.23157894736842105
300,relu,5,Adam,small_random,0,0.06684385240077972,6617.251797641326,0.29473684210526313
300,tanh,8,SGD,small_random,0.0001,0.08332481235265732,6685.12410285542,0.43157894736842106
100,tanh,5,SGD,small_random,0.001,0.08711505681276321,6695.929125258007,0.35789473684210527
100,tanh,8,SGD,small_random,0,0.09706555306911469,6739.655724797671,0.2631578947368421
300,sigmoid,8,Momentum,small_random,0,0.07107587903738022,6757.294201155604,0.45263157894736844
300,relu,5,SGD,small_random,0.001,0.09280189871788025,6760.545232920932,0.3263157894736842
100,relu,5,Momentum,small_random,0.0001,0.07397256791591644,6819.44459411193,0.3368421052631579
100,sigmoid,5,SGD_with_cosine,Xavier,0,0.3116682171821594,6879.371571746264,0.28421052631578947
100,sigmoid,11,Momentum,small_random,0.001,0.06470809131860733,6881.070951047012,0.25263157894736843
100,tanh,11,SGD,small_random,0,0.14254486560821533,6888.988729445602,0.4
300,sigmoid,5,SGD,small_random,0,0.09478511661291122,6910.064683236214,0.5473684210526316
200,sigmoid,8,Momentum,small_random,0.0001,0.0595790334045887,6925.482069814538,0.49473684210526314
300,relu,5,Adam,small_random,0.001,0.05866074934601784,6955.857338012563,0.22105263157894736
100,relu,5,SGD,small_random,0.001,0.15901222825050354,7052.697199095531,0.5684210526315789
200,tanh,5,Momentum,small_random,0,0.06699301302433014,7070.323259152071,0.2
100,relu,11,Momentum,small_random,0.0001,0.06132076308131218,7072.433266372978,0.3263157894736842
100,relu,8,Momentum,Xavier,0.001,0.058826372027397156,7080.340534756949,0.5473684210526316
100,tanh,8,Momentum,small_random,0.001,0.07517854124307632,7082.869095107536,0.24210526315789474
200,sigmoid,11,Momentum_with_cosine,Xavier,0,0.24077053368091583,7105.069840604067,0.4421052631578947
200,sigmoid,5,Momentum_with_cosine,Xavier,0,0.33116835355758667,7138.77179686915,0.11578947368421053
100,tanh,8,SGD_with_cosine,small_random,0.001,0.5462327599525452,7164.891546248083,0.15789473684210525
300,relu,8,SGD,Xavier,0.001,0.05986198037862778,7192.733719741601,0.2736842105263158
100,relu,5,SGD_with_cosine,small_random,0.001,0.305965781211853,7214.683766624486,0.18947368421052632
300,tanh,11,Momentum_with_cosine,Xavier,0,0.4286724030971527,7222.193308597802,0.29473684210526313
300,sigmoid,8,Adam_with_cosine,small_random,0,0.5389013886451721,7247.0567392944395,0.3263157894736842
200,tanh,11,SGD_with_cosine,Xavier,0.0001,0.38988637924194336,7261.34216433337,0.2736842105263158
300,relu,5,Momentum,small_random,0,0.07582765072584152,7329.693379861522,0.3368421052631579
200,relu,11,Momentum,small_random,0.0001,0.0706513524055481,7342.069610264619,0.3894736842105263
200,relu,8,Momentum_with_cosine,Xavier,0.0001,0.3476710915565491,7381.7132661498335,0.45263157894736844
300,sigmoid,11,SGD_with_cosine,small_random,0.0001,0.4640084207057953,7412.301794275087,0.4421052631578947
300,tanh,11,Momentum,small_random,0,0.062434032559394836,7416.464320405443,0.37894736842105264
100,tanh,5,Momentum,small_random,0.001,0.09223218262195587,7424.208114854005,0.6105263157894737
100,tanh,8,Momentum,small_random,0,0.06804237514734268,7430.321936456018,0.5052631578947369
200,tanh,5,Adam,small_random,0,0.05711677670478821,7479.128345219871,0.45263157894736844
100,sigmoid,5,SGD,small_random,0,0.1503686010837555,7493.316220557103,0.3157894736842105
100,relu,5,Adam_with_cosine,Xavier,0,0.35865023732185364,7523.035125712096,0.05263157894736842
100,sigmoid,11,Momentum_with_cosine,small_random,0.001,0.4557226002216339,7541.584338733504,0.3263157894736842
200,relu,5,Adam_with_cosine,Xavier,0.0001,0.43679752945899963,7574.010763749148,0.43157894736842106
200,tanh,11,SGD_with_cosine,Xavier,0,0.551119863986969,7596.292924205459,0.16842105263157894
300,tanh,11,SGD_with_cosine,Xavier,0,0.17119883000850677,7639.771390602133,0.09473684210526316
200,sigmoid,8,SGD,Xavier,0,0.07861551642417908,7647.5818346926535,0.30526315789473685
300,tanh,11,Adam_with_cosine,Xavier,0,0.24899819493293762,7684.897353544219,0.37894736842105264
100,sigmoid,8,Momentum,small_random,0.0001,0.07224759459495544,7704.379693446644,0.6
100,relu,11,Adam_with_cosine,Xavier,0.0001,0.3404877483844757,7731.40400398357,0.30526315789473685
200,relu,8,Adam,small_random,0.0001,0.10727979987859726,7757.534656804787,0.2
100,sigmoid,11,Adam,small_random,0.0001,0.07039069384336472,7776.23674662975,0.29473684210526313
100,sigmoid,8,Momentum_with_cosine,Xavier,0,0.5232268571853638,7867.40398325758,0.1368421052631579
200,tanh,11,Momentum_with_cosine,Xavier,0.001,0.2924475073814392,7912.674951831431,0.16842105263157894
100,relu,8,Momentum_with_cosine,Xavier,0,0.5794063806533813,7993.933985140655,0.23157894736842105
300,sigmoid,5,SGD,small_random,0.001,0.10870084911584854,8008.101805965553,0.1368421052631579
300,tanh,11,SGD,small_random,0.0001,0.08737541735172272,8076.354246163646,0.3473684210526316
100,tanh,5,Adam_with_cosine,small_random,0.0001,0.45506274700164795,8095.338173254268,0.3263157894736842
300,tanh,8,Momentum_with_cosine,Xavier,0.0001,0.38623061776161194,8113.293478761998,0.18947368421052632
300,sigmoid,11,SGD,small_random,0.001,0.07609935104846954,8158.681710659682,0.30526315789473685
300,tanh,5,Adam_with_cosine,Xavier,0.0001,0.286038339138031,8174.586000640194,0.09473684210526316
100,tanh,5,Momentum_with_cosine,Xavier,0,0.4780502915382385,8207.091249742916,0.09473684210526316
100,relu,11,Momentum,small_random,0.001,0.08045587688684464,8220.376486759325,0.4105263157894737
300,sigmoid,5,SGD_with_cosine,Xavier,0,0.3060661256313324,8261.703943792201,0.06315789473684211
300,relu,11,SGD_with_cosine,Xavier,0.0001,0.5639667510986328,8276.290863367603,0.2736842105263158
200,sigmoid,5,SGD_with_cosine,small_random,0.0001,0.6179154515266418,8326.022382923928,0.28421052631578947
100,sigmoid,5,SGD_with_cosine,small_random,0,0.6212990283966064,8352.149033873276,0.1368421052631579
100,relu,11,Momentum_with_cosine,Xavier,0,0.28348609805107117,8386.113862235827,0.2736842105263158
200,tanh,8,Momentum,small_random,0,0.07175306975841522,8421.219646444235,0.24210526315789474
200,relu,11,SGD_with_cosine,Xavier,0.001,0.20538896322250366,8600.956807401062,0.15789473684210525
200,relu,8,SGD,small_random,0.001,0.08976653963327408,8630.593861665418,0.16842105263157894
300,tanh,11,Adam_with_cosine,small_random,0.001,0.7111884355545044,8677.798796509576,0.17894736842105263
100,sigmoid,11,SGD_with_cosine,small_random,0.0001,0.7903848886489868,8686.530008829837,0.06315789473684211
100,tanh,8,SGD,small_random,0.001,0.08682641386985779,8754.101570924286,0.5263157894736842
300,sigmoid,8,Momentum_with_cosine,Xavier,0.001,0.4441337287425995,8813.157589802571,0.05263157894736842
200,tanh,8,Adam_with_cosine,small_random,0.0001,0.469839483499527,8831.414861848047,0.21052631578947367
300,relu,5,Momentum_with_cosine,Xavier,0.0001,0.178144633769989,8936.481254791928,0.2631578947368421
300,relu,8,Adam,small_random,0.001,0.08113420754671097,8990.620426527958,0.2736842105263158
200,sigmoid,8,Adam_with_cosine,small_random,0.0001,0.6464459896087646,9011.622665537318,0.06315789473684211
300,sigmoid,8,SGD_with_cosine,Xavier,0.0001,0.3837677538394928,9024.099295786398,0.15789473684210525
200,sigmoid,8,Momentum_with_cosine,small_random,0.001,0.30470216274261475,9031.824469326712,0.18947368421052632
100,relu,8,SGD,small_random,0,0.12766270339488983,9079.441743561618,0.042105263157894736
300,tanh,11,Adam_with_cosine,Xavier,0.0001,0.8121838569641113,9201.87732115526,0.08421052631578947
100,tanh,11,Adam_with_cosine,small_random,0,0.6743065118789673,9276.73314422116,0.24210526315789474
300,sigmoid,5,Adam_with_cosine,small_random,0.0001,0.41348057985305786,9307.18775899307,0.09473684210526316
100,sigmoid,8,Adam,small_random,0.0001,0.0808711126446724,9467.23048719339,0.3157894736842105
100,sigmoid,8,Adam_with_cosine,small_random,0.001,0.49107640981674194,9478.132397981979,0.24210526315789474
100,tanh,11,SGD_with_cosine,Xavier,0.0001,0.31128644943237305,9563.94317912051,0.29473684210526313
100,sigmoid,11,Momentum_with_cosine,small_random,0,0.43924665451049805,9613.187088233448,0.10526315789473684
100,tanh,5,Adam,small_random,0,0.08135071396827698,9649.080773801797,0.2
300,tanh,11,SGD,small_random,0.001,0.07714343816041946,9779.92231701058,0.25263157894736843
200,sigmoid,5,Momentum_with_cosine,small_random,0.0001,0.236905038356781,9807.044642724877,0.021052631578947368
200,relu,5,Adam_with_cosine,Xavier,0.001,0.695022702217102,9814.39204923047,0.37894736842105264
300,relu,5,Adam,small_random,0.0001,0.05743689090013504,9870.051892263256,0.08421052631578947
300,relu,5,SGD,Xavier,0,0.06400106847286224,9989.115561726641,0.2631578947368421
200,tanh,5,SGD_with_cosine,Xavier,0.0001,0.5619094371795654,10133.324842455688,0.18947368421052632
100,tanh,5,Adam_with_cosine,Xavier,0.001,0.7033683657646179,10183.921841291907,0.18947368421052632
100,relu,8,SGD_with_cosine,small_random,0,0.49175262451171875,10263.53155934275,0.12631578947368421
100,tanh,5,SGD_with_cosine,Xavier,0.0001,0.6637303829193115,10287.012216330551,0.06315789473684211
100,tanh,8,SGD_with_cosine,Xavier,0,0.3180267810821533,10318.377583691516,0.05263157894736842
300,relu,5,SGD_with_cosine,Xavier,0.0001,0.5223560333251953,10328.25178690863,0.021052631578947368
200,tanh,8,SGD_with_cosine,small_random,0.001,0.629254162311554,10357.341915163452,0.17894736842105263
300,sigmoid,11,Adam_with_cosine,small_random,0.001,0.38126033544540405,10364.903376423868,0.05263157894736842
100,tanh,11,SGD_with_cosine,Xavier,0.001,0.48032400012016296,10435.94489237366,0.15789473684210525
300,sigmoid,5,SGD_with_cosine,Xavier,0.001,0.3473151922225952,10448.96867499634,0.021052631578947368
100,sigmoid,8,Momentum_with_cosine,small_random,0,0.5382844805717468,10507.308378448946,0.14736842105263157
300,sigmoid,11,SGD_with_cosine,small_random,0.001,0.3353422284126282,10595.155850814575,0.10526315789473684
300,relu,11,Adam,small_random,0.001,0.1045827716588974,10611.102479636329,0.2631578947368421
300,relu,8,Momentum_with_cosine,Xavier,0.0001,0.43844106793403625,10637.300859256193,0.05263157894736842
200,relu,8,Adam_with_cosine,Xavier,0.001,0.6520621180534363,10722.150662054702,0.021052631578947368
300,tanh,8,Momentum_with_cosine,Xavier,0.001,0.30104881525039673,10730.650654758958,0.21052631578947367
300,sigmoid,5,Adam_with_cosine,small_random,0,0.3797433376312256,10752.191612732064,0.08421052631578947
200,relu,11,SGD,Xavier,0,0.07006783038377762,10784.775618058211,0.5263157894736842
300,tanh,5,Momentum_with_cosine,Xavier,0,0.7521125674247742,10787.54813540861,0.0
200,tanh,8,Adam_with_cosine,Xavier,0.0001,0.40070927143096924,10904.418115239778,0.0
300,relu,8,Momentum_with_cosine,Xavier,0,0.8751528263092041,10980.24581327901,0.11578947368421053
300,relu,11,SGD_with_cosine,Xavier,0.001,0.3489663898944855,11009.065694571604,0.010526315789473684
200,sigmoid,11,Adam_with_cosine,Xavier,0,0.536193311214447,11105.711192167784,0.021052631578947368
200,tanh,5,Adam_with_cosine,small_random,0.001,0.4573884904384613,11146.082528377972,0.09473684210526316
300,relu,11,Adam_with_cosine,Xavier,0.0001,0.45739156007766724,11147.339448183973,0.10526315789473684
300,tanh,5,Momentum_with_cosine,small_random,0,0.31080853939056396,11150.138032068915,0.021052631578947368
200,sigmoid,8,Adam_with_cosine,small_random,0.001,0.4745429754257202,11253.263257546349,0.18947368421052632
300,tanh,11,Momentum_with_cosine,small_random,0,0.9612120985984802,11347.768526572372,0.14736842105263157
100,relu,5,Adam_with_cosine,small_random,0.001,0.6944960355758667,11373.024080634443,0.10526315789473684
200,relu,5,SGD_with_cosine,small_random,0,0.5729259848594666,11434.265411274266,0.010526315789473684
100,relu,5,SGD,small_random,0,0.1468362659215927,11440.808503237706,0.21052631578947367
100,tanh,11,Adam_with_cosine,small_random,0.001,0.54090416431427,11483.426594021468,0.11578947368421053
200,relu,8,SGD_with_cosine,Xavier,0,0.6390309929847717,11624.179100963558,0.010526315789473684
300,tanh,11,SGD_with_cosine,Xavier,0.0001,0.8556948900222778,11648.053191354049,0.08421052631578947
300,relu,8,Momentum,small_random,0.0001,0.06475778669118881,11731.915514108512,0.21052631578947367
300,tanh,5,SGD_with_cosine,Xavier,0.0001,0.1957978755235672,11746.716823027087,0.12631578947368421
100,sigmoid,5,SGD_with_cosine,small_random,0.0001,0.5263646841049194,11870.42726968896,0.05263157894736842
300,tanh,11,SGD_with_cosine,small_random,0,0.6161249876022339,11886.593165913227,0.09473684210526316
300,sigmoid,8,SGD_with_cosine,Xavier,0.001,0.6005478501319885,11908.545140034728,0.06315789473684211
300,relu,11,Momentum,small_random,0,0.06991066038608551,11916.446378252993,0.08421052631578947
200,tanh,11,Momentum_with_cosine,Xavier,0,0.3721170425415039,11979.29965352399,0.0
100,tanh,5,SGD_with_cosine,Xavier,0.001,0.6352601647377014,11991.236706534599,0.10526315789473684
100,tanh,8,Momentum_with_cosine,Xavier,0.001,0.38886308670043945,12025.886894467565,0.010526315789473684
100,sigmoid,8,Adam_with_cosine,small_random,0.0001,0.6579757928848267,12042.244892325598,0.05263157894736842
100,relu,11,SGD,small_random,0.0001,0.09109147638082504,12069.518189902996,0.5263157894736842
200,tanh,8,SGD,small_random,0.001,0.10839640349149704,12123.62899449617,0.23157894736842105
100,relu,11,Adam,small_random,0,0.11102233827114105,12235.567466619215,0.22105263157894736
100,relu,8,Momentum_with_cosine,Xavier,0.001,0.6087145805358887,12252.859753343797,0.0
100,tanh,11,Adam,small_random,0,0.07672213762998581,12386.170425548646,0.18947368421052632
200,relu,5,SGD_with_cosine,Xavier,0.0001,0.6054953336715698,12405.864857791874,0.06315789473684211
300,sigmoid,11,Adam_with_cosine,Xavier,0.001,0.5351898670196533,12417.013760418635,0.021052631578947368
100,relu,8,Momentum_with_cosine,Xavier,0.0001,0.5836017727851868,12479.034743692622,0.031578947368421054
300,tanh,8,Adam_with_cosine,Xavier,0.0001,0.33951660990715027,12657.335448383312,0.05263157894736842
100,tanh,11,Momentum_with_cosine,Xavier,0.001,0.2964676320552826,12687.333653420752,0.12631578947368421
200,relu,11,SGD_with_cosine,Xavier,0.0001,0.24667374789714813,12700.400999699224,0.05263157894736842
200,sigmoid,11,Momentum_with_cosine,small_random,0.001,0.4800029397010803,12758.24413991291,0.2
100,sigmoid,8,Momentum_with_cosine,small_random,0.001,0.5161292552947998,12769.406560540117,0.0
300,relu,11,Adam_with_cosine,Xavier,0.001,0.600721001625061,12796.601997563725,0.0
200,tanh,8,Adam_with_cosine,small_random,0.001,0.7242943644523621,12941.06585069118,0.15789473684210525
100,tanh,8,SGD_with_cosine,small_random,0,0.7391327619552612,12977.495740965922,0.17894736842105263
200,sigmoid,11,SGD_with_cosine,small_random,0,0.5793507695198059,13083.970915881191,0.05263157894736842
200,relu,11,Adam_with_cosine,Xavier,0.0001,0.36065948009490967,13139.419801843622,0.0
100,relu,11,SGD_with_cosine,small_random,0.0001,1.1481189727783203,13178.508967546051,0.11578947368421053
100,sigmoid,5,SGD_with_cosine,Xavier,0.001,0.7202799916267395,13200.947318685317,0.0
300,tanh,8,Adam,small_random,0.0001,0.06301044672727585,13219.355943341989,0.17894736842105263
300,relu,11,Adam_with_cosine,small_random,0.001,0.49421364068984985,13226.111608095876,0.2631578947368421
300,relu,8,Adam_with_cosine,small_random,0,0.8105278015136719,13226.172226877463,0.16842105263157894
300,relu,11,SGD_with_cosine,small_random,0.0001,0.4527829587459564,13285.74787795006,0.1368421052631579
300,relu,8,Momentum_with_cosine,small_random,0,0.6047325730323792,13304.529198810433,0.23157894736842105
100,sigmoid,5,Momentum_with_cosine,small_random,0.001,0.6259390711784363,13370.31818845192,0.0
200,tanh,8,Adam_with_cosine,Xavier,0,0.5280305743217468,13374.179721791103,0.031578947368421054
100,relu,11,Adam,small_random,0.0001,0.1158602237701416,13494.399614269265,0.18947368421052632
100,sigmoid,8,Adam_with_cosine,small_random,0,0.4026016891002655,13536.52153721424,0.12631578947368421
200,sigmoid,11,Momentum_with_cosine,small_random,0,0.527402400970459,13624.31456650651,0.07368421052631578
100,tanh,5,SGD,small_random,0,0.16887831687927246,13662.540208074517,0.28421052631578947
200,sigmoid,5,SGD_with_cosine,Xavier,0,0.7160901427268982,13673.726423136543,0.0
300,sigmoid,8,SGD_with_cosine,Xavier,0,0.5123993754386902,13912.840452618346,0.0
300,sigmoid,5,SGD_with_cosine,small_random,0.001,0.5312933325767517,13921.111729080223,0.0
200,tanh,8,Momentum_with_cosine,Xavier,0.001,1.0253623723983765,13925.272110798882,0.11578947368421053
100,relu,11,SGD_with_cosine,Xavier,0.001,0.596318244934082,13947.868967102884,0.0
100,tanh,5,Adam_with_cosine,small_random,0,0.5480761528015137,13948.484937698873,0.12631578947368421
300,sigmoid,11,SGD_with_cosine,Xavier,0.0001,0.5449280142784119,14028.817682373336,0.021052631578947368
200,relu,5,Momentum_with_cosine,Xavier,0.001,0.3562910258769989,14075.260918587677,0.29473684210526313
100,sigmoid,5,Adam_with_cosine,Xavier,0.0001,0.5088055729866028,14080.765759933078,0.021052631578947368
200,relu,5,Momentum_with_cosine,small_random,0.001,0.5720891952514648,14131.534646112364,0.0
300,sigmoid,11,SGD_with_cosine,Xavier,0,0.7449833750724792,14231.711801162093,0.0
200,tanh,8,Momentum_with_cosine,small_random,0.001,0.48480063676834106,14282.927008659897,0.11578947368421053
100,sigmoid,5,SGD_with_cosine,Xavier,0.0001,0.5015299916267395,14349.91619882144,0.0
100,relu,8,SGD_with_cosine,Xavier,0.0001,0.7647210955619812,14354.566678668307,0.0
300,relu,5,Momentum_with_cosine,Xavier,0.001,0.6089091897010803,14383.361582490657,0.0
300,relu,5,Momentum,small_random,0.0001,0.07728304713964462,14402.741935155671,0.16842105263157894
300,sigmoid,5,Momentum_with_cosine,Xavier,0.001,0.6696566343307495,14428.84542904827,0.0
300,sigmoid,8,Momentum_with_cosine,Xavier,0.0001,0.47651177644729614,14437.889203304234,0.031578947368421054
200,tanh,5,Momentum_with_cosine,small_random,0,0.6511847972869873,14550.341790276654,0.0
100,tanh,11,Momentum_with_cosine,small_random,0.001,0.9722973704338074,14578.536379644793,0.06315789473684211
200,relu,8,Momentum_with_cosine,Xavier,0.001,0.7788161039352417,14587.204969706067,0.11578947368421053
100,sigmoid,5,Adam_with_cosine,Xavier,0,0.5189602375030518,14631.680319706265,0.0
300,tanh,5,Adam_with_cosine,small_random,0,0.7293220162391663,14632.092884182965,0.18947368421052632
300,sigmoid,5,Adam_with_cosine,Xavier,0.0001,0.6019465327262878,14639.682098803216,0.021052631578947368
200,relu,8,Momentum_with_cosine,Xavier,0,0.5375648736953735,14704.764408319212,0.0
100,tanh,8,Momentum_with_cosine,small_random,0.0001,0.9578668475151062,14811.126046764595,0.22105263157894736
200,relu,5,Momentum_with_cosine,small_random,0.0001,0.5589671730995178,14813.430342147221,0.1368421052631579
300,tanh,5,SGD_with_cosine,Xavier,0,0.963183581829071,14816.013003823076,0.10526315789473684
200,relu,11,Adam_with_cosine,Xavier,0.001,0.6187723278999329,14886.558833724304,0.010526315789473684
200,relu,11,Adam_with_cosine,small_random,0.001,0.638693630695343,14909.072956370072,0.08421052631578947
100,relu,8,SGD_with_cosine,small_random,0.0001,1.6997936964035034,15027.021520035672,0.14736842105263157
300,relu,8,Adam_with_cosine,small_random,0.0001,0.7901767492294312,15190.766105741672,0.0
100,tanh,5,SGD_with_cosine,small_random,0,0.784088671207428,15217.232250798832,0.2736842105263158
300,sigmoid,8,Momentum_with_cosine,Xavier,0,0.5498437881469727,15303.590849585962,0.031578947368421054
100,tanh,5,Momentum_with_cosine,Xavier,0.001,0.3327392339706421,15354.449936034998,0.010526315789473684
200,tanh,5,Momentum_with_cosine,Xavier,0,0.8025252223014832,15354.735052560563,0.09473684210526316
100,relu,8,SGD_with_cosine,Xavier,0.001,0.6444495320320129,15435.317552342422,0.0
300,tanh,5,Adam_with_cosine,Xavier,0.001,0.3721940219402313,15491.02734562595,0.0
100,tanh,8,SGD_with_cosine,small_random,0.0001,0.657370388507843,15552.046995694034,0.14736842105263157
300,sigmoid,5,Adam_with_cosine,small_random,0.001,0.4130723178386688,15617.0704279439,0.010526315789473684
200,relu,11,Adam,small_random,0.0001,0.1147005632519722,15633.167646892573,0.1368421052631579
100,tanh,8,Momentum_with_cosine,small_random,0.001,0.7869787216186523,15681.761666372948,0.12631578947368421
200,sigmoid,8,SGD_with_cosine,small_random,0,1.150352954864502,15802.844123997711,0.07368421052631578
200,relu,11,SGD_with_cosine,small_random,0.001,0.30247247219085693,15935.029967154875,0.17894736842105263
100,relu,8,Adam_with_cosine,small_random,0.0001,0.5141837000846863,16040.483427324929,0.16842105263157894
100,relu,11,Momentum_with_cosine,Xavier,0.001,0.7375151515007019,16078.395227438563,0.021052631578947368
300,tanh,5,Adam_with_cosine,small_random,0.001,1.5096534490585327,16122.830593612833,0.010526315789473684
100,sigmoid,5,Momentum_with_cosine,small_random,0.0001,0.7482515573501587,16171.363915399566,0.0
100,tanh,5,Momentum,small_random,0.0001,0.13886170089244843,16305.120260537722,0.4421052631578947
200,relu,8,Adam_with_cosine,Xavier,0.0001,0.6146157383918762,16325.295790836635,0.0
200,relu,5,Adam_with_cosine,Xavier,0,0.6923180818557739,16373.527324419216,0.0
200,tanh,5,SGD_with_cosine,small_random,0.0001,0.5544520020484924,16390.922640118853,0.2
100,relu,11,SGD_with_cosine,Xavier,0.0001,0.42215612530708313,16489.42921562389,0.042105263157894736
100,tanh,8,Adam,small_random,0,0.08926072716712952,16543.950011512305,0.22105263157894736
300,relu,5,Adam_with_cosine,Xavier,0.001,0.6871713399887085,16577.9245456197,0.07368421052631578
100,relu,8,SGD_with_cosine,Xavier,0,0.8109822869300842,16695.36402832585,0.0
200,sigmoid,11,Momentum_with_cosine,small_random,0.0001,0.8663290143013,16803.12762090776,0.0
200,relu,11,Adam_with_cosine,Xavier,0,0.7396461963653564,17021.457642011163,0.0
300,tanh,11,Adam_with_cosine,small_random,0.0001,0.5925545692443848,17021.946692496385,0.042105263157894736
200,tanh,5,SGD_with_cosine,small_random,0,0.8245264291763306,17243.65347320358,0.0
200,sigmoid,8,Momentum_with_cosine,small_random,0,0.5466321706771851,17272.424920049947,0.0
100,relu,11,Adam,small_random,0.001,0.14760243892669678,17362.591403230144,0.07368421052631578
200,relu,5,SGD_with_cosine,Xavier,0.001,1.2528122663497925,17366.30357206625,0.09473684210526316
300,sigmoid,11,Adam_with_cosine,Xavier,0.0001,0.6951110363006592,17604.33049736153,0.042105263157894736
300,tanh,11,Momentum_with_cosine,Xavier,0.001,0.9383069276809692,17664.15586705845,0.07368421052631578
200,tanh,11,Momentum_with_cosine,small_random,0.0001,0.9462910890579224,17753.74542585242,0.10526315789473684
300,sigmoid,8,SGD_with_cosine,small_random,0.001,0.7186679244041443,17802.2465213567,0.0
200,relu,11,Adam,small_random,0.001,0.09188251942396164,17925.635765626117,0.07368421052631578
300,sigmoid,11,Momentum_with_cosine,Xavier,0,0.641528308391571,17968.68221727794,0.0
300,relu,8,Momentum_with_cosine,Xavier,0.001,0.7181961536407471,17987.962652825096,0.0
300,tanh,5,Momentum_with_cosine,Xavier,0.0001,0.4669097065925598,18043.78546355641,0.0
200,tanh,8,Momentum_with_cosine,small_random,0.0001,0.9026892185211182,18123.910796552747,0.2
300,sigmoid,5,Momentum_with_cosine,Xavier,0,0.7294614911079407,18300.78087424955,0.0
200,tanh,8,Adam_with_cosine,small_random,0,0.7094448804855347,18498.89474430593,0.05263157894736842
200,relu,5,Momentum_with_cosine,Xavier,0.0001,0.7243565320968628,18501.717050398594,0.0
100,relu,5,Adam_with_cosine,Xavier,0.001,0.6441414952278137,18556.36460124568,0.0
100,relu,8,Adam,small_random,0,0.2501189410686493,18619.535365697004,0.21052631578947367
300,sigmoid,11,Momentum_with_cosine,small_random,0.0001,0.9115297198295593,18626.49396628335,0.0
300,relu,11,Adam_with_cosine,small_random,0.0001,0.43950000405311584,18630.07884732958,0.010526315789473684
100,tanh,8,SGD_with_cosine,Xavier,0.0001,0.8658625483512878,18641.37419297651,0.0
100,relu,5,SGD_with_cosine,Xavier,0.001,1.016810655593872,18675.10979863195,0.08421052631578947
200,sigmoid,8,SGD_with_cosine,Xavier,0.0001,0.7999391555786133,18794.25203805428,0.0
300,tanh,8,SGD_with_cosine,Xavier,0,0.6572169065475464,18837.05282537423,0.0
200,sigmoid,5,Adam_with_cosine,Xavier,0.001,0.6682076454162598,18997.21660914447,0.0
200,tanh,5,Adam_with_cosine,small_random,0,0.8521795868873596,19004.553308909155,0.07368421052631578
300,tanh,8,Momentum_with_cosine,Xavier,0,0.7315556406974792,19117.406266767633,0.10526315789473684
100,sigmoid,5,Adam_with_cosine,Xavier,0.001,0.567659318447113,19148.110915507976,0.0
300,relu,11,Momentum_with_cosine,Xavier,0.001,0.9355465769767761,19179.876205299242,0.0
300,relu,5,SGD_with_cosine,Xavier,0.001,0.630785346031189,19187.66299939943,0.0
100,relu,5,Momentum_with_cosine,Xavier,0.0001,0.6019148230552673,19224.72212745389,0.0
100,relu,11,Momentum_with_cosine,small_random,0.001,0.6054052710533142,19278.93456212825,0.0
300,relu,8,SGD_with_cosine,Xavier,0,0.9769802689552307,19494.277285605047,0.0
100,sigmoid,8,Adam_with_cosine,Xavier,0.001,0.740566074848175,19547.051173360443,0.0
300,tanh,8,SGD_with_cosine,small_random,0.001,0.7679609656333923,19574.324942303665,0.05263157894736842
200,sigmoid,8,SGD_with_cosine,small_random,0.001,0.8214249610900879,19591.75279371602,0.0
100,sigmoid,5,Adam_with_cosine,small_random,0,0.5714742541313171,19610.12508701718,0.0
300,relu,11,Momentum_with_cosine,small_random,0.0001,1.1704676151275635,19690.900548868263,0.0
200,tanh,11,Adam_with_cosine,Xavier,0.001,1.3638592958450317,19711.88498243313,0.010526315789473684
100,sigmoid,11,SGD_with_cosine,Xavier,0,0.7127376198768616,19763.22422279948,0.0
200,tanh,8,Momentum_with_cosine,Xavier,0,0.5726757645606995,19811.880492941404,0.0
100,sigmoid,11,Momentum_with_cosine,Xavier,0,0.7013439536094666,19844.64038291693,0.0
100,relu,11,Momentum_with_cosine,small_random,0.0001,0.5861334204673767,19914.88854744204,0.021052631578947368
200,sigmoid,11,Momentum_with_cosine,Xavier,0.0001,0.8293546438217163,19969.08757184395,0.0
100,sigmoid,8,SGD_with_cosine,Xavier,0.001,0.7716243267059326,20196.302253158472,0.0
300,tanh,5,SGD_with_cosine,small_random,0,1.6232702732086182,20493.484007758656,0.06315789473684211
100,tanh,11,Momentum_with_cosine,Xavier,0,0.7724552154541016,20629.500433769714,0.0
300,tanh,11,SGD_with_cosine,Xavier,0.001,1.012084722518921,20708.655025601536,0.06315789473684211
200,tanh,11,Momentum_with_cosine,small_random,0,0.7402350902557373,20835.435903077414,0.010526315789473684
300,tanh,8,SGD_with_cosine,Xavier,0.001,0.8826050162315369,20838.097537212412,0.0
300,relu,8,Momentum_with_cosine,small_random,0.001,0.6584762930870056,20957.088998795316,0.07368421052631578
200,sigmoid,5,Adam_with_cosine,Xavier,0.0001,0.9242300391197205,20994.691117704657,0.0
300,tanh,5,Momentum_with_cosine,Xavier,0.001,0.6967381834983826,21012.965471424373,0.0
100,relu,11,Adam_with_cosine,Xavier,0.001,0.4367792010307312,21288.411687156877,0.0
300,relu,11,SGD_with_cosine,Xavier,0,1.010661244392395,21291.81607252211,0.0
300,relu,11,Momentum_with_cosine,Xavier,0.0001,0.7423131465911865,21348.812099096427,0.0
200,relu,8,Momentum_with_cosine,small_random,0,1.2930442094802856,21362.69622499528,0.10526315789473684
100,relu,5,Adam,small_random,0.001,0.24167963862419128,21363.55523856666,0.21052631578947367
200,relu,5,Adam_with_cosine,small_random,0.0001,0.7850790619850159,21698.755913652847,0.0
100,relu,8,Adam_with_cosine,Xavier,0.0001,0.8897788524627686,21807.94987150631,0.0
200,tanh,11,SGD_with_cosine,Xavier,0.001,0.331721693277359,21905.694642179842,0.0
300,tanh,8,Momentum_with_cosine,small_random,0.001,1.371722936630249,21924.643322220916,0.06315789473684211
300,tanh,5,Adam_with_cosine,Xavier,0,0.5704383850097656,22010.154046294614,0.0
200,tanh,8,Adam_with_cosine,Xavier,0.001,0.8071765899658203,22018.960455060478,0.0
200,sigmoid,8,Adam_with_cosine,small_random,0,1.0013325214385986,22337.254292007558,0.0
300,tanh,11,Adam_with_cosine,Xavier,0.001,0.9883316159248352,22462.108783522595,0.0
200,tanh,5,SGD_with_cosine,Xavier,0,0.7471904754638672,22670.887985787413,0.0
100,tanh,5,SGD,small_random,0.0001,0.11262961477041245,22725.559755870338,0.16842105263157894
100,tanh,5,Adam_with_cosine,Xavier,0,1.0272058248519897,22833.366618966265,0.0
200,sigmoid,11,Adam_with_cosine,Xavier,0.001,0.8776453137397766,22859.05725124749,0.0
100,relu,5,Adam,small_random,0.0001,0.21092793345451355,22908.85591982431,0.22105263157894736
100,tanh,8,Momentum_with_cosine,Xavier,0,0.9965697526931763,22942.941617061937,0.042105263157894736
100,tanh,8,Adam_with_cosine,Xavier,0,0.8286709189414978,22972.100137894347,0.0
300,tanh,5,Adam_with_cosine,small_random,0.0001,1.0976183414459229,23042.443458888007,0.021052631578947368
200,sigmoid,5,Momentum_with_cosine,Xavier,0.0001,0.9995542764663696,23150.245922338807,0.0
100,relu,8,Momentum_with_cosine,small_random,0.0001,0.4523022770881653,23174.302683881568,0.08421052631578947
200,tanh,11,Adam_with_cosine,small_random,0.0001,0.7380024194717407,23205.336393653262,0.0
200,sigmoid,5,Momentum_with_cosine,small_random,0.001,1.0232354402542114,23281.495580057628,0.0
100,sigmoid,11,Momentum_with_cosine,Xavier,0.0001,0.8813725113868713,23470.898438430228,0.0
200,tanh,8,SGD_with_cosine,Xavier,0.0001,1.1052377223968506,23941.248305100715,0.0
100,sigmoid,8,SGD_with_cosine,small_random,0.001,1.130804181098938,23985.302515753225,0.0
200,relu,11,Momentum_with_cosine,Xavier,0,1.052209734916687,24162.408097416654,0.0
100,sigmoid,8,SGD_with_cosine,small_random,0,1.1260416507720947,24235.327649201066,0.0
200,tanh,8,SGD_with_cosine,Xavier,0.001,0.9597882032394409,24292.04952754737,0.0
100,sigmoid,5,Momentum_with_cosine,Xavier,0,1.0978615283966064,24298.4392872644,0.0
200,tanh,5,SGD_with_cosine,Xavier,0.001,0.5580772757530212,24328.807471829485,0.0
200,sigmoid,8,Adam_with_cosine,Xavier,0.0001,1.087465524673462,24492.50126835951,0.0
100,tanh,11,SGD_with_cosine,small_random,0.001,0.6301186084747314,24494.012384433143,0.0
200,relu,5,SGD_with_cosine,small_random,0.001,1.1451120376586914,24559.235027485407,0.06315789473684211
200,tanh,11,SGD_with_cosine,small_random,0.001,1.0696614980697632,24684.589867330455,0.031578947368421054
100,tanh,11,Momentum_with_cosine,small_random,0.0001,1.3006020784378052,24725.040792052052,0.031578947368421054
200,relu,8,Adam_with_cosine,small_random,0,1.1301318407058716,24884.933520600287,0.021052631578947368
200,sigmoid,8,Adam_with_cosine,Xavier,0,0.99968421459198,24939.1256005521,0.0
200,tanh,5,Momentum_with_cosine,Xavier,0.001,0.7151747941970825,24946.88602143725,0.0
200,tanh,8,SGD_with_cosine,small_random,0,1.2226523160934448,25109.840384681138,0.08421052631578947
200,relu,8,Adam_with_cosine,Xavier,0,0.49964675307273865,25121.17403488037,0.0
300,sigmoid,8,Momentum_with_cosine,small_random,0.0001,0.9645655155181885,25144.646960705235,0.0
100,sigmoid,11,Adam_with_cosine,Xavier,0.0001,0.9531673192977905,25144.94321157707,0.0
300,relu,11,Adam_with_cosine,Xavier,0,0.7809754610061646,25198.014406674505,0.0
300,relu,5,SGD_with_cosine,small_random,0,1.4316127300262451,25260.058579172324,0.021052631578947368
200,sigmoid,8,SGD_with_cosine,small_random,0.0001,1.0445340871810913,25408.93530915654,0.0
100,sigmoid,11,Adam_with_cosine,small_random,0.001,0.8569503426551819,25555.960993892477,0.0
300,sigmoid,5,SGD_with_cosine,small_random,0.0001,0.9749637246131897,25716.387282944434,0.0
100,relu,11,SGD_with_cosine,small_random,0,1.6638227701187134,25761.19588047205,0.021052631578947368
300,relu,11,Momentum_with_cosine,small_random,0,1.3541191816329956,25885.665533725463,0.0
200,sigmoid,11,SGD_with_cosine,Xavier,0.001,1.0275506973266602,26291.809008029963,0.0
300,tanh,5,Momentum_with_cosine,small_random,0.001,1.1030547618865967,26394.88000096401,0.042105263157894736
200,tanh,11,SGD_with_cosine,small_random,0,0.7681487798690796,26545.514025715613,0.0
300,sigmoid,11,Adam_with_cosine,small_random,0.0001,0.9736132025718689,26613.144039357947,0.0
100,sigmoid,11,Momentum_with_cosine,small_random,0.0001,1.0055468082427979,26729.714679028766,0.0
300,tanh,11,SGD_with_cosine,small_random,0.001,0.7975573539733887,26787.27719251729,0.0
200,sigmoid,5,Adam_with_cosine,Xavier,0,1.0679309368133545,26838.133089459378,0.0
300,sigmoid,5,Adam_with_cosine,Xavier,0.001,1.1529285907745361,26906.5494954591,0.0
300,sigmoid,5,Momentum_with_cosine,small_random,0.001,0.9846374988555908,26929.731945006344,0.0
200,tanh,5,SGD_with_cosine,small_random,0.001,0.6871157288551331,26982.988438230797,0.042105263157894736
100,tanh,8,Momentum_with_cosine,Xavier,0.0001,0.8112762570381165,27089.903774877734,0.0
100,sigmoid,11,SGD_with_cosine,small_random,0,1.0818403959274292,27098.181457245428,0.0
300,relu,11,SGD_with_cosine,small_random,0,0.7753574848175049,27341.47458881055,0.0
300,tanh,5,SGD_with_cosine,small_random,0.0001,1.5288466215133667,27351.008494951053,0.010526315789473684
300,relu,5,Adam_with_cosine,small_random,0.0001,0.6805953979492188,27377.21477896281,0.0
100,sigmoid,8,Momentum_with_cosine,Xavier,0.0001,1.1517095565795898,27547.76092627126,0.0
300,sigmoid,5,Momentum_with_cosine,small_random,0.0001,1.0346113443374634,27567.529616832522,0.0
300,relu,11,Momentum_with_cosine,Xavier,0,0.9840459227561951,27641.12181490365,0.0
100,tanh,5,SGD_with_cosine,Xavier,0,0.916045606136322,27648.957298084562,0.0
100,tanh,5,Momentum_with_cosine,small_random,0.0001,1.2462197542190552,27840.414382735984,0.0
200,relu,8,Momentum_with_cosine,small_random,0.0001,0.9346447587013245,27893.770420369798,0.05263157894736842
300,tanh,11,Momentum_with_cosine,small_random,0.0001,0.5470394492149353,27977.80140233815,0.010526315789473684
300,relu,5,SGD_with_cosine,Xavier,0,1.2493394613265991,27978.569087469084,0.0
100,relu,5,SGD_with_cosine,Xavier,0,0.7841797471046448,28164.138629783276,0.0
100,relu,5,Adam_with_cosine,Xavier,0.0001,1.00831139087677,28242.123730116036,0.0
300,tanh,8,Adam_with_cosine,Xavier,0.001,0.7059226036071777,28278.638209567518,0.0
200,sigmoid,5,SGD_with_cosine,Xavier,0.001,1.1754448413848877,28346.764224512048,0.0
300,tanh,8,Adam_with_cosine,small_random,0.001,1.4139124155044556,28692.87217204248,0.0
100,sigmoid,5,Adam_with_cosine,small_random,0.001,0.909259021282196,28723.3728742338,0.0
300,sigmoid,5,SGD_with_cosine,Xavier,0.0001,1.305891513824463,28809.402418323007,0.0
300,tanh,5,Momentum_with_cosine,small_random,0.0001,1.2881196737289429,28913.863849770412,0.010526315789473684
300,sigmoid,11,Adam_with_cosine,small_random,0,1.4507359266281128,28987.17312865334,0.0
200,sigmoid,8,Adam_with_cosine,Xavier,0.001,1.1680734157562256,29235.348568053778,0.0
100,relu,8,Momentum_with_cosine,small_random,0,1.276760220527649,29337.70834510642,0.05263157894736842
200,tanh,11,Adam_with_cosine,small_random,0,0.6825166344642639,29483.206107140762,0.0
300,sigmoid,8,Adam_with_cosine,small_random,0.001,1.3111375570297241,29544.061265279495,0.0
100,tanh,8,SGD_with_cosine,Xavier,0.001,1.4070439338684082,29663.320549434746,0.0
200,sigmoid,5,Adam_with_cosine,small_random,0.001,1.285075068473816,29794.113381156978,0.0
100,sigmoid,11,Adam_with_cosine,Xavier,0,1.2941898107528687,29800.676707277602,0.0
100,relu,8,Adam_with_cosine,Xavier,0,1.462557315826416,29841.46706735936,0.0
100,relu,8,Adam_with_cosine,Xavier,0.001,1.0853828191757202,29995.173672825156,0.0
100,tanh,11,Momentum_with_cosine,small_random,0,1.0042680501937866,30197.31643256262,0.0
200,relu,11,SGD_with_cosine,Xavier,0,0.7701511383056641,30355.564261964606,0.0
300,sigmoid,11,Momentum_with_cosine,Xavier,0.001,1.1019337177276611,30649.486436167645,0.0
200,relu,11,Momentum_with_cosine,Xavier,0.0001,1.1536216735839844,30799.80932766,0.0
200,tanh,5,Momentum_with_cosine,Xavier,0.0001,0.9823592305183411,30883.14763393882,0.0
200,relu,8,Adam_with_cosine,small_random,0.0001,1.2900480031967163,30993.510329153505,0.031578947368421054
300,sigmoid,8,Adam_with_cosine,Xavier,0,1.2156074047088623,31003.627462157263,0.0
100,tanh,5,Adam_with_cosine,Xavier,0.0001,0.7960827350616455,31069.877079679747,0.0
300,relu,5,Momentum_with_cosine,small_random,0.001,1.2559343576431274,31151.112520526,0.0
200,relu,5,Adam_with_cosine,small_random,0.001,1.009238839149475,31541.163842902348,0.0
300,sigmoid,8,Momentum_with_cosine,small_random,0,1.3751871585845947,31554.776313813425,0.0
100,relu,11,Momentum_with_cosine,small_random,0,1.272335410118103,31810.404006569486,0.0
300,tanh,8,SGD_with_cosine,Xavier,0.0001,1.6016744375228882,31847.894803354306,0.0
300,sigmoid,8,Momentum_with_cosine,small_random,0.001,1.2670625448226929,31918.14992012622,0.0
200,relu,8,SGD_with_cosine,Xavier,0.001,1.3594326972961426,32066.592189161187,0.0
300,relu,8,SGD_with_cosine,Xavier,0.001,1.0442439317703247,32067.317571489457,0.0
300,sigmoid,11,SGD_with_cosine,small_random,0,1.2754648923873901,32107.685519933242,0.0
100,sigmoid,11,SGD_with_cosine,Xavier,0.001,1.2757407426834106,32230.17470262061,0.0
100,tanh,8,Adam_with_cosine,small_random,0,1.6217782497406006,32395.670418819693,0.0
300,tanh,8,SGD_with_cosine,small_random,0,1.1855087280273438,32443.1935521102,0.0
100,relu,5,Momentum_with_cosine,Xavier,0.001,1.2813427448272705,32605.184643075125,0.0
100,sigmoid,8,Momentum_with_cosine,Xavier,0.001,1.3137942552566528,32784.40837898653,0.0
200,sigmoid,11,Adam_with_cosine,small_random,0,1.4906290769577026,32891.25676333823,0.0
100,sigmoid,5,SGD_with_cosine,small_random,0.001,1.2974798679351807,33354.532211043224,0.0
200,sigmoid,11,Adam_with_cosine,Xavier,0.0001,1.1861165761947632,33643.967063345226,0.0
200,relu,5,SGD_with_cosine,Xavier,0,1.3977667093276978,33665.54814982427,0.0
100,sigmoid,8,Adam_with_cosine,Xavier,0,1.2969093322753906,33856.85891864049,0.0
100,relu,5,SGD_with_cosine,small_random,0,1.1756552457809448,34063.137552084176,0.042105263157894736
300,relu,11,SGD_with_cosine,small_random,0.001,1.6997904777526855,34135.6226666367,0.21052631578947367
100,sigmoid,8,SGD_with_cosine,Xavier,0.0001,1.44700026512146,34555.166185557646,0.0
100,tanh,5,SGD_with_cosine,small_random,0.0001,1.0004042387008667,34580.595969290436,0.0
100,tanh,11,SGD_with_cosine,Xavier,0,1.1081414222717285,34643.70722579575,0.0
300,sigmoid,8,Adam_with_cosine,Xavier,0.001,1.4419008493423462,34891.68314581742,0.0
100,relu,5,Momentum_with_cosine,small_random,0.0001,0.620801568031311,34893.35437355175,0.0
300,sigmoid,5,Momentum_with_cosine,small_random,0,1.3015273809432983,35342.46927962932,0.0
200,relu,11,Momentum_with_cosine,small_random,0,1.3010238409042358,35437.75107015528,0.05263157894736842
300,tanh,11,Momentum_with_cosine,Xavier,0.0001,1.4669787883758545,35441.98412849697,0.0
100,relu,8,Adam_with_cosine,small_random,0.001,2.4966464042663574,35495.227501229834,0.0
200,sigmoid,8,Momentum_with_cosine,Xavier,0.001,1.4531294107437134,35522.848867630106,0.0
200,relu,5,Adam_with_cosine,small_random,0,1.226657509803772,35596.95000678204,0.0
300,sigmoid,11,Momentum_with_cosine,Xavier,0.0001,1.5022468566894531,35824.74871325988,0.0
200,tanh,5,Adam_with_cosine,Xavier,0.0001,1.1342159509658813,36075.98199040425,0.0
100,tanh,8,Adam_with_cosine,Xavier,0.0001,1.0941680669784546,36160.39552237951,0.0
100,tanh,8,Momentum_with_cosine,small_random,0,1.1467225551605225,36210.69333245921,0.0
100,tanh,5,Momentum_with_cosine,small_random,0.001,1.5271998643875122,36222.38655279768,0.0
200,tanh,8,Momentum_with_cosine,small_random,0,0.6675704717636108,36237.888363688566,0.0
200,tanh,5,Adam_with_cosine,Xavier,0,0.8990808725357056,36502.800787544285,0.0
300,tanh,8,Adam_with_cosine,small_random,0,1.5237928628921509,37022.576967057896,0.0
200,tanh,5,Adam_with_cosine,small_random,0.0001,1.8176308870315552,37632.39115365158,0.0
100,tanh,8,Adam_with_cosine,small_random,0.001,1.4936602115631104,37681.8397182837,0.0
300,relu,8,Adam_with_cosine,Xavier,0,1.1641647815704346,37720.15887946773,0.0
100,relu,11,Adam_with_cosine,small_random,0.001,0.5177889466285706,37838.1827807451,0.031578947368421054
100,tanh,5,Momentum_with_cosine,small_random,0,1.3949403762817383,37994.84042100654,0.0
200,tanh,11,Momentum_with_cosine,Xavier,0.0001,1.464058756828308,38217.38291925673,0.0
100,tanh,11,Adam_with_cosine,Xavier,0,1.454110026359558,38659.314094498746,0.0
200,tanh,5,Momentum_with_cosine,small_random,0.001,1.0984394550323486,38754.912957643035,0.0
300,tanh,11,SGD_with_cosine,small_random,0.0001,1.2423155307769775,38891.82509248213,0.0
300,relu,8,SGD_with_cosine,Xavier,0.0001,1.3026503324508667,39097.72586518647,0.0
300,relu,8,SGD_with_cosine,small_random,0,1.1715537309646606,39133.17923802608,0.0
200,sigmoid,5,SGD_with_cosine,small_random,0,1.172624945640564,39285.47009956673,0.0
100,tanh,11,SGD_with_cosine,small_random,0.0001,1.4998829364776611,39805.25045441317,0.0
100,relu,5,Momentum_with_cosine,small_random,0.001,1.1342867612838745,39814.356807488366,0.021052631578947368
200,sigmoid,5,SGD_with_cosine,small_random,0.001,1.3167650699615479,40120.83915889305,0.0
200,tanh,5,Momentum_with_cosine,small_random,0.0001,1.3464125394821167,40185.26190319975,0.0
100,sigmoid,8,Momentum_with_cosine,small_random,0.0001,1.4341254234313965,40248.91520204652,0.0
100,relu,8,Adam_with_cosine,small_random,0,2.256439208984375,40444.71374079162,0.031578947368421054
300,relu,8,Adam_with_cosine,Xavier,0.0001,1.2407350540161133,40813.51952050612,0.0
300,tanh,5,SGD_with_cosine,small_random,0.001,1.2262842655181885,40991.466028510156,0.0
100,tanh,5,Adam_with_cosine,small_random,0.001,1.742492914199829,41241.877400117766,0.0
200,relu,8,Adam_with_cosine,small_random,0.001,1.1969953775405884,41403.37063327921,0.0
100,sigmoid,11,Adam_with_cosine,Xavier,0.001,1.6353012323379517,41419.59491538872,0.0
200,sigmoid,11,SGD_with_cosine,small_random,0.0001,1.4132510423660278,41489.79946049469,0.0
300,tanh,11,Adam_with_cosine,small_random,0,1.804999828338623,41546.084531874076,0.0
100,relu,5,Adam_with_cosine,small_random,0,1.043251633644104,41693.65877359103,0.042105263157894736
100,sigmoid,5,Momentum_with_cosine,small_random,0,1.671053409576416,41722.178107909516,0.0
100,tanh,11,SGD_with_cosine,small_random,0,1.816536545753479,41842.54941427301,0.0
300,relu,5,SGD_with_cosine,small_random,0.001,1.2986990213394165,42052.80619439666,0.0
200,tanh,11,Momentum_with_cosine,small_random,0.001,1.5361168384552002,42404.00378050465,0.0
200,sigmoid,8,SGD_with_cosine,Xavier,0.001,1.743842363357544,42873.35608584685,0.0
100,tanh,11,Adam_with_cosine,Xavier,0.001,1.6232621669769287,43007.21303612121,0.0
300,tanh,11,Momentum_with_cosine,small_random,0.001,1.376833438873291,43044.71241294814,0.0
300,sigmoid,11,Adam_with_cosine,Xavier,0,1.754935622215271,43842.39490493616,0.0
100,sigmoid,11,SGD_with_cosine,Xavier,0.0001,1.8145540952682495,43965.98811699784,0.0
200,sigmoid,5,SGD_with_cosine,Xavier,0.0001,1.742380976676941,44805.26166200339,0.0
200,relu,11,Adam_with_cosine,small_random,0,1.2786167860031128,44863.00274318427,0.0
100,relu,11,SGD_with_cosine,small_random,0.001,2.416416645050049,45018.03700432642,0.0
100,sigmoid,8,Adam_with_cosine,Xavier,0.0001,1.6545864343643188,45277.31066364032,0.0
100,relu,5,SGD_with_cosine,small_random,0.0001,1.8130666017532349,45790.244613748495,0.08421052631578947
200,tanh,8,SGD_with_cosine,Xavier,0,1.3558849096298218,46060.463830065295,0.0
200,tanh,11,SGD_with_cosine,small_random,0.0001,2.311582326889038,46066.73732741038,0.0
300,tanh,8,Adam_with_cosine,Xavier,0,1.5255130529403687,46380.63477145869,0.0
100,relu,11,Momentum_with_cosine,Xavier,0.0001,1.6872146129608154,46515.62832837887,0.0
300,relu,5,Adam_with_cosine,Xavier,0,1.6355931758880615,48289.50404057924,0.0
200,sigmoid,11,Adam_with_cosine,small_random,0.001,1.7830878496170044,48358.00137665817,0.0
300,relu,5,Adam_with_cosine,small_random,0,1.3375897407531738,48790.579898092044,0.0
200,relu,8,SGD_with_cosine,small_random,0.0001,0.9360911846160889,48837.33043578215,0.07368421052631578
100,relu,5,Momentum_with_cosine,Xavier,0,0.9357908964157104,49840.933466048955,0.0
300,sigmoid,8,Adam_with_cosine,Xavier,0.0001,1.8269672393798828,49892.53892284165,0.0
200,relu,8,SGD_with_cosine,small_random,0.001,1.705275535583496,49927.60603906868,0.0
200,relu,5,Momentum_with_cosine,small_random,0,0.7207933068275452,50629.1658663562,0.010526315789473684
200,sigmoid,11,SGD_with_cosine,Xavier,0,1.9933041334152222,50662.50693205619,0.0
200,sigmoid,11,Momentum_with_cosine,Xavier,0.001,2.0052216053009033,50950.83955612866,0.0
200,tanh,8,SGD_with_cosine,small_random,0.0001,1.1455028057098389,52421.15173567252,0.0
200,sigmoid,5,Momentum_with_cosine,small_random,0,1.938927173614502,52449.12704069101,0.0
300,sigmoid,11,Momentum_with_cosine,small_random,0.001,2.1175854206085205,53123.141201018574,0.0
200,relu,11,Adam_with_cosine,small_random,0.0001,1.7240954637527466,53447.584419849765,0.0
100,sigmoid,11,SGD_with_cosine,small_random,0.001,2.2532949447631836,53764.5665604721,0.0
200,tanh,8,Momentum_with_cosine,Xavier,0.0001,1.9424841403961182,56132.46861961922,0.0
300,tanh,8,SGD_with_cosine,small_random,0.0001,1.9118187427520752,56182.7986990593,0.0
200,sigmoid,11,Adam_with_cosine,small_random,0.0001,2.3267669677734375,56545.8466050347,0.0
300,relu,5,Momentum_with_cosine,Xavier,0,1.6994316577911377,56656.0582314789,0.0
300,tanh,8,Adam_with_cosine,small_random,0.0001,2.089402437210083,59025.175781036356,0.0
300,relu,5,Adam_with_cosine,small_random,0.001,2.5461628437042236,59848.711144017165,0.0
300,tanh,8,Momentum_with_cosine,small_random,0.0001,2.2885217666625977,61755.748096200936,0.0
300,sigmoid,5,Adam_with_cosine,Xavier,0,2.3011281490325928,62906.54567328978,0.0
300,relu,8,Momentum_with_cosine,small_random,0.0001,1.559739351272583,63789.05624842636,0.0
300,relu,8,SGD_with_cosine,small_random,0.001,1.3926432132720947,63873.78891737426,0.0
200,tanh,11,Adam_with_cosine,small_random,0.001,2.4374845027923584,65219.24941902421,0.0
100,relu,8,SGD_with_cosine,small_random,0.001,2.2511706352233887,65566.72967035686,0.0
100,relu,5,Momentum_with_cosine,small_random,0,2.475533962249756,66086.66943048907,0.0
300,relu,5,Momentum_with_cosine,small_random,0,1.0407426357269287,68305.15524003595,0.0
300,relu,5,SGD_with_cosine,small_random,0.0001,2.880742073059082,68889.15782362275,0.0
300,sigmoid,8,Adam_with_cosine,small_random,0.0001,2.485046863555908,69350.95372095093,0.0
300,sigmoid,11,SGD_with_cosine,Xavier,0.001,2.6452996730804443,69460.45601585027,0.0
300,relu,11,Momentum_with_cosine,small_random,0.001,1.4438632726669312,69473.80431686649,0.0
100,relu,11,Adam_with_cosine,small_random,0.0001,1.439643383026123,71336.05479285009,0.0
200,relu,8,SGD_with_cosine,small_random,0,3.3247106075286865,73196.62720598797,0.0
300,sigmoid,8,SGD_with_cosine,small_random,0,2.718264102935791,74889.33311059192,0.0
100,tanh,11,Adam_with_cosine,small_random,0.0001,3.29764723777771,75094.3154561561,0.0
100,relu,8,Momentum_with_cosine,small_random,0.001,1.32393479347229,76630.22720370219,0.0
200,relu,11,Momentum_with_cosine,small_random,0.001,1.9193620681762695,79642.36008762832,0.0
100,relu,11,Adam_with_cosine,small_random,0,2.463122844696045,79960.86904406342,0.0
100,relu,5,Adam_with_cosine,small_random,0.0001,1.7728111743927002,89110.2819481973,0.0
300,relu,8,Adam_with_cosine,small_random,0.001,3.8273138999938965,94488.71634415121,0.0
200,relu,8,Momentum_with_cosine,small_random,0.001,3.491847038269043,95432.78574369404,0.0
300,relu,11,Adam_with_cosine,small_random,0,2.035905361175537,105238.33959234823,0.0
200,relu,11,Momentum_with_cosine,small_random,0.0001,3.8244593143463135,107081.0937150412,0.0
300,relu,5,Momentum_with_cosine,small_random,0.0001,2.293166399002075,108397.32238620985,0.0
200,relu,11,SGD_with_cosine,small_random,0.0001,2.9839367866516113,112366.09548481894,0.0
200,relu,11,SGD_with_cosine,small_random,0,2.8465120792388916,114962.50850036748,0.0
200,relu,5,SGD_with_cosine,small_random,0.0001,4.631747722625732,130157.47388201726,0.0
300,relu,8,SGD_with_cosine,small_random,0.0001,2.9172327518463135,144803.46613074729,0.0
