Epochs,Activation function,Hidden nodes,Optimizer,Initializer,Regularizer,In-sample RMSE,Out-of-sample RMSE
300,tanh,11,Adam,Xavier,0,0.03919282555580139,0.08958949864164778
300,relu,11,Adam,Xavier,0,0.03972543776035309,0.1464894054823252
300,relu,8,Adam,Xavier,0.001,0.03984932228922844,0.07930883609202552
300,relu,8,Adam,Xavier,0.0001,0.04000719264149666,0.0679485645303679
300,relu,8,Adam,Xavier,0,0.04048439860343933,0.079757429080889
300,tanh,5,Adam,Xavier,0.0001,0.04059730842709541,0.08492693289175197
300,relu,11,Adam,Xavier,0.001,0.040634043514728546,0.04834951476503776
200,tanh,11,Adam,Xavier,0.0001,0.04078154265880585,0.05174361219975617
200,relu,8,Adam,Xavier,0.0001,0.04087432101368904,0.07399863174818586
300,relu,11,Adam,Xavier,0.0001,0.041080720722675323,0.0904447620693405
300,tanh,11,Momentum,Xavier,0.0001,0.041184451431035995,0.06203539649842423
300,tanh,8,Adam,Xavier,0,0.04120121896266937,0.0750426211005705
300,tanh,8,Momentum,Xavier,0.0001,0.041565392166376114,0.1721738979315901
300,tanh,11,Momentum,Xavier,0.001,0.04161376506090164,0.06241522569607799
200,relu,5,Momentum,Xavier,0.0001,0.041951585561037064,0.13255634938633087
300,relu,11,Momentum,Xavier,0.001,0.04199715703725815,0.058611508880226815
300,relu,5,Momentum,Xavier,0.001,0.04216541349887848,0.07845594519465264
300,sigmoid,5,Adam,Xavier,0,0.042176611721515656,0.08437316881774824
300,relu,5,Adam,Xavier,0.0001,0.04217790439724922,0.049068082765433195
300,tanh,8,Momentum,Xavier,0.001,0.04230561479926109,0.07699106404643177
200,relu,11,Momentum,Xavier,0.001,0.04238004982471466,0.07528821015732763
300,tanh,11,Momentum,Xavier,0,0.04255371168255806,0.08561014997628058
300,tanh,11,Adam,Xavier,0.001,0.042762964963912964,0.07057634012403512
300,relu,11,Momentum,Xavier,0.0001,0.04286360368132591,0.13465771917516567
300,tanh,8,Adam,Xavier,0.001,0.04307602345943451,0.0748266800907174
100,tanh,11,Momentum,Xavier,0.0001,0.04350476339459419,0.1198956711532166
300,tanh,8,Momentum,Xavier,0,0.04353591054677963,0.10480340272243989
300,relu,8,Momentum,Xavier,0.001,0.04355676844716072,0.06494811025047131
100,relu,8,Adam,Xavier,0.001,0.043563663959503174,0.14703677768877152
200,relu,8,Adam,Xavier,0.001,0.04384233430027962,0.08876028050475218
300,relu,5,Adam,Xavier,0.001,0.043864961713552475,0.11181255371152661
300,tanh,8,Adam,Xavier,0.0001,0.04387842118740082,0.11058103402141413
300,tanh,5,Momentum,Xavier,0,0.04394754767417908,0.04750212768867458
200,tanh,11,Momentum,Xavier,0.001,0.04400540888309479,0.096431493254455
300,tanh,8,Adam,small_random,0.001,0.04414762184023857,0.2213634659284382
200,tanh,8,Momentum,Xavier,0.001,0.044405579566955566,0.1252105707683707
200,tanh,11,Momentum,Xavier,0,0.04478957876563072,0.13606657414530166
200,tanh,11,Adam,Xavier,0,0.04484384134411812,0.16772403207891395
200,relu,8,Momentum,Xavier,0.001,0.044872649013996124,0.1345549918566766
100,tanh,11,Momentum,Xavier,0,0.045101530849933624,0.1264230605681599
200,tanh,8,Momentum,Xavier,0,0.04526799917221069,0.0737239795939716
300,relu,5,Momentum,Xavier,0,0.04532712697982788,0.13916735161809046
300,tanh,8,Momentum,small_random,0.001,0.045502111315727234,0.1375991065997073
300,tanh,5,Adam,Xavier,0.001,0.04559582099318504,0.08033315450084459
200,tanh,11,Momentum,Xavier,0.0001,0.045662615448236465,0.08439401830206725
100,tanh,11,Momentum,Xavier,0.001,0.04569423571228981,0.094751235485714
200,relu,11,Momentum,Xavier,0.0001,0.045798834413290024,0.07874892113764408
300,tanh,11,Adam,small_random,0.0001,0.04601024463772774,0.18019662458417596
300,tanh,5,Momentum,Xavier,0.001,0.046025604009628296,0.11134642954370683
200,relu,8,Momentum,Xavier,0.0001,0.04645201191306114,0.14811067418895477
200,tanh,8,Adam,Xavier,0.0001,0.04653755947947502,0.08617063883304056
100,tanh,5,Adam,Xavier,0.001,0.04669185355305672,0.09800370797005062
300,relu,11,Momentum,Xavier,0,0.04669812321662903,0.14604418172177913
200,tanh,8,Momentum,Xavier,0.0001,0.04679233208298683,0.11080289126573788
300,tanh,8,Adam,small_random,0.0001,0.04681544005870819,0.14899933080307923
300,tanh,11,Adam,small_random,0.001,0.046868946403265,0.06270128074018057
200,relu,11,Adam,Xavier,0.001,0.04688099026679993,0.05488280676121716
300,tanh,11,Momentum,small_random,0.001,0.04689350724220276,0.09817584931784512
300,sigmoid,8,Adam,small_random,0.0001,0.04696231335401535,0.1831172853418338
300,sigmoid,8,Adam,small_random,0,0.047005049884319305,0.12525970065470435
200,relu,11,Adam,Xavier,0,0.04722300171852112,0.1692767038386954
300,relu,5,Momentum,Xavier,0.0001,0.0472344271838665,0.07971754186168377
200,tanh,5,Momentum,Xavier,0.001,0.04724086448550224,0.13008990258998124
200,relu,8,Adam,Xavier,0,0.047378119081258774,0.12448569382595087
200,tanh,5,Adam,Xavier,0.001,0.0475817546248436,0.09996725199704394
300,tanh,5,Momentum,Xavier,0.0001,0.04761164262890816,0.0964297553223646
200,sigmoid,5,Adam,Xavier,0,0.047612786293029785,0.10338469965357763
200,tanh,5,Momentum,Xavier,0,0.04765474796295166,0.11034103710518878
300,relu,5,Adam,Xavier,0,0.047786712646484375,0.12498753445034884
200,relu,8,Momentum,Xavier,0,0.04817986860871315,0.12864809996079724
200,sigmoid,11,Momentum,Xavier,0.0001,0.04818272218108177,0.07165703374203058
200,relu,11,Adam,small_random,0.001,0.04825097694993019,0.12378322247648878
200,tanh,8,Momentum,small_random,0.001,0.04827414080500603,0.08352190581549558
200,tanh,8,Adam,Xavier,0.001,0.04856206476688385,0.20054408772701432
300,tanh,11,Adam,Xavier,0.0001,0.04860102757811546,0.09689137675540845
300,tanh,5,Adam,Xavier,0,0.04860625043511391,0.17233476975703457
300,tanh,11,Momentum,small_random,0.0001,0.04872298240661621,0.18686014817898808
200,relu,11,Adam,Xavier,0.0001,0.048728376626968384,0.16722962923986526
200,sigmoid,5,Momentum,small_random,0.001,0.04876861348748207,0.09661135214330502
200,tanh,5,Adam,Xavier,0,0.04893266037106514,0.08986494508602738
200,sigmoid,11,Adam,Xavier,0.0001,0.04893425479531288,0.12848426195335197
300,sigmoid,11,Adam,Xavier,0.001,0.04896235466003418,0.08403488633919641
100,tanh,5,Momentum,Xavier,0.001,0.0493304580450058,0.09345008428794328
300,sigmoid,11,Adam,small_random,0.0001,0.04946262389421463,0.10353136357118427
300,sigmoid,11,Adam,small_random,0,0.04954452067613602,0.3321206266187903
300,sigmoid,8,Momentum,Xavier,0.0001,0.0496283657848835,0.06363962212604908
300,sigmoid,11,Momentum,Xavier,0,0.04968905448913574,0.09615974182968275
100,relu,11,Adam,Xavier,0.001,0.0498938225209713,0.09611461880529691
100,tanh,11,Adam,Xavier,0.001,0.04991530627012253,0.11452208034038593
100,relu,5,Momentum,Xavier,0.001,0.050027210265398026,0.07556946505579995
100,tanh,11,Adam,Xavier,0,0.050050314515829086,0.08681448457232126
300,sigmoid,8,Adam,small_random,0.001,0.05007949844002724,0.10077097726776144
100,relu,11,Momentum,Xavier,0.0001,0.05034036561846733,0.09551022439200232
200,tanh,8,Adam,Xavier,0,0.050369951874017715,0.11568435750272117
200,sigmoid,8,Adam,Xavier,0.0001,0.050473324954509735,0.11960423083226662
300,sigmoid,8,Adam,Xavier,0,0.05049753189086914,0.1163241837878218
200,relu,5,Adam,Xavier,0,0.050595544278621674,0.11564055327393652
200,sigmoid,11,Momentum,small_random,0.001,0.05060211941599846,0.16538006931500857
100,tanh,5,Adam,Xavier,0,0.05063450708985329,0.16090674743264485
300,sigmoid,11,Momentum,Xavier,0.001,0.050700388848781586,0.09256591221396679
100,tanh,8,Adam,Xavier,0,0.05077653378248215,0.08800119210325613
300,sigmoid,11,Adam,Xavier,0.0001,0.050834715366363525,0.06612042567273317
300,relu,8,Momentum,small_random,0,0.050964679569005966,0.12417476877664814
100,tanh,8,Momentum,Xavier,0.0001,0.050970409065485,0.1258852841011358
200,sigmoid,5,Adam,Xavier,0.0001,0.05102250352501869,0.09583725688210026
200,sigmoid,8,Adam,small_random,0,0.051232002675533295,0.1685379234528481
100,tanh,5,Momentum,Xavier,0,0.0512385293841362,0.09617690495845091
300,sigmoid,11,Momentum,Xavier,0.0001,0.05127575621008873,0.13506409683950588
300,sigmoid,11,Adam,small_random,0.001,0.05128010734915733,0.07549818751584851
200,tanh,11,Momentum,small_random,0.001,0.05128719285130501,0.16420290105862145
200,sigmoid,5,Momentum,Xavier,0,0.051293276250362396,0.08060919259945326
100,tanh,8,Momentum,Xavier,0.001,0.05133618414402008,0.08086044637164382
300,sigmoid,5,Adam,small_random,0.0001,0.051399488002061844,0.08866245138779075
300,sigmoid,11,Momentum,small_random,0.001,0.05141909047961235,0.18435420807626135
100,tanh,8,Momentum,Xavier,0,0.05149919539690018,0.20997111042737662
300,sigmoid,8,Momentum,Xavier,0.001,0.05166274309158325,0.09105064283645352
300,sigmoid,5,Momentum,Xavier,0.001,0.05173482000827789,0.12828462509455374
200,relu,5,Momentum,Xavier,0.001,0.05208341032266617,0.11406733565946457
100,relu,8,Momentum,Xavier,0.001,0.052087102085351944,0.09351354555537941
100,relu,11,Momentum,Xavier,0.001,0.05209841951727867,0.10897712967278662
100,relu,11,Adam,Xavier,0,0.05212336778640747,0.09369420352483449
300,relu,11,SGD,Xavier,0.0001,0.05226731300354004,0.15176379197748602
300,relu,8,Momentum,Xavier,0,0.052339863032102585,0.11075681091404942
200,relu,11,Momentum,Xavier,0,0.052383553236722946,0.08907213701271889
300,sigmoid,5,Adam,Xavier,0.001,0.05240201950073242,0.10648355739371113
300,sigmoid,5,Momentum,Xavier,0,0.052439309656620026,0.09735891267914364
300,sigmoid,11,Adam,Xavier,0,0.052526772022247314,0.10066308885465855
200,sigmoid,5,Adam,Xavier,0.001,0.05262269452214241,0.09337172348981723
200,relu,5,Adam,Xavier,0.0001,0.05263287574052811,0.08019669200652904
200,sigmoid,11,Momentum,Xavier,0.001,0.05278670787811279,0.08179506122707408
300,tanh,5,Adam,small_random,0,0.0529920794069767,0.21397153693198553
100,tanh,5,Momentum,Xavier,0.0001,0.05326256528496742,0.06679283183271258
200,sigmoid,5,Momentum,Xavier,0.0001,0.053398288786411285,0.12154187305127062
100,sigmoid,5,Momentum,Xavier,0.001,0.05341402813792229,0.14525196584804873
300,tanh,11,Adam,small_random,0,0.05346991494297981,0.15946096854658223
200,sigmoid,8,Adam,Xavier,0.001,0.05356047675013542,0.10120527309933298
300,relu,11,Momentum,small_random,0,0.0538027323782444,0.1632280360044604
200,tanh,5,Momentum,small_random,0.001,0.05381462350487709,0.2547978010168845
100,tanh,11,Momentum,small_random,0.001,0.0539039708673954,0.07926052990764394
100,relu,8,Momentum,Xavier,0.0001,0.05401526018977165,0.17441120068740204
200,sigmoid,8,Momentum,Xavier,0.001,0.05403302237391472,0.09189951186076468
200,sigmoid,11,Adam,Xavier,0.001,0.05409420654177666,0.08293746522228714
100,relu,8,Adam,Xavier,0.0001,0.05410731956362724,0.12507381612885607
300,sigmoid,8,Momentum,Xavier,0,0.05431555584073067,0.1024228717471756
200,tanh,11,Adam,Xavier,0.001,0.05438855662941933,0.11164358342216711
300,tanh,5,Adam,small_random,0.001,0.05439702793955803,0.11695332688683124
300,relu,8,Momentum,small_random,0.001,0.054406896233558655,0.10316785279374781
100,sigmoid,8,Adam,Xavier,0.0001,0.05445946380496025,0.14666766664591144
300,sigmoid,5,Adam,Xavier,0.0001,0.05459418520331383,0.10846553721017042
300,relu,8,Momentum,Xavier,0.0001,0.054791633039712906,0.15784782586462132
300,tanh,8,Adam,small_random,0,0.05496981367468834,0.1821102659926457
200,sigmoid,8,Momentum,Xavier,0.0001,0.05508117005228996,0.08723284750893012
300,sigmoid,5,Momentum,Xavier,0.0001,0.055290233343839645,0.10927549951583011
300,relu,5,Adam,small_random,0.0001,0.05546293780207634,0.3284273591358578
200,tanh,11,Adam,small_random,0.0001,0.055666130036115646,0.15203853419766516
100,relu,11,Momentum,Xavier,0,0.0557258240878582,0.09389314213619403
200,tanh,5,Momentum,Xavier,0.0001,0.05612185597419739,0.1251539781924598
200,sigmoid,8,Momentum,small_random,0.001,0.056140802800655365,0.2592212110719812
200,sigmoid,8,Momentum,Xavier,0,0.056384533643722534,0.23163644271978914
100,sigmoid,11,Momentum,Xavier,0.001,0.056451212614774704,0.08629463130046579
300,sigmoid,8,Adam,Xavier,0.001,0.05645487457513809,0.08576151356966426
300,sigmoid,8,Adam,Xavier,0.0001,0.05649593472480774,0.10268773366825432
100,relu,11,Adam,Xavier,0.0001,0.056591250002384186,0.12440170220262746
100,relu,8,Momentum,Xavier,0,0.05659322813153267,0.06964609041323787
100,sigmoid,5,Adam,Xavier,0.0001,0.056691624224185944,0.10081371417068986
300,tanh,11,Momentum,small_random,0,0.05688691511750221,0.18643289750205294
100,relu,5,Momentum,Xavier,0,0.0570049025118351,0.05726143574886425
100,sigmoid,8,Adam,Xavier,0.001,0.05706525966525078,0.11071552095557158
300,tanh,11,SGD,Xavier,0.001,0.05722258612513542,0.2108265996655385
200,sigmoid,11,Momentum,Xavier,0,0.057237982749938965,0.10853580724502752
300,tanh,8,SGD,Xavier,0.001,0.05732482671737671,0.12674015653013002
200,tanh,5,Adam,Xavier,0.0001,0.0574679896235466,0.12777753880770296
200,sigmoid,11,Adam,Xavier,0,0.05758969113230705,0.1363840762856779
300,sigmoid,8,Momentum,small_random,0.001,0.05774303898215294,0.1616914668024879
300,tanh,5,Momentum,small_random,0.001,0.05782465264201164,0.2490796953631128
100,sigmoid,11,Momentum,Xavier,0,0.05787250027060509,0.10786270638111366
200,sigmoid,5,Momentum,Xavier,0.001,0.057909078896045685,0.13912321073771075
300,relu,11,Momentum,small_random,0.001,0.05849077180027962,0.11495832311072887
200,relu,8,Momentum,small_random,0.001,0.05857735499739647,0.23085163414449006
100,sigmoid,5,Momentum,Xavier,0.0001,0.058577634394168854,0.09458313266266495
300,relu,11,Adam,small_random,0.0001,0.0588943287730217,0.24452679884227788
100,relu,8,Adam,Xavier,0,0.0590038001537323,0.09111223853683777
300,sigmoid,5,Adam,small_random,0,0.05901584029197693,0.1897087799997839
300,tanh,5,SGD,Xavier,0.0001,0.05915103480219841,0.1314183069615294
200,relu,5,SGD,Xavier,0.001,0.05919792875647545,0.12346582564693395
100,sigmoid,8,Momentum,Xavier,0,0.059375736862421036,0.14910848314144176
300,sigmoid,8,Momentum,small_random,0.0001,0.059554968029260635,0.1319223054558846
100,relu,5,Momentum,Xavier,0.0001,0.05957656353712082,0.2844523180269171
300,sigmoid,11,Momentum,small_random,0,0.05969668924808502,0.1525469792018116
300,tanh,8,Momentum,small_random,0.0001,0.05976024642586708,0.2315230043186366
200,relu,11,Momentum,small_random,0,0.059840742498636246,0.35139667698545307
200,sigmoid,8,Adam,Xavier,0,0.05991887301206589,0.09933387573061996
200,sigmoid,11,Momentum,small_random,0.0001,0.059993959963321686,0.12683713647762007
300,sigmoid,5,Momentum,small_random,0.001,0.06079651042819023,0.21203797661919827
100,tanh,11,Momentum,small_random,0,0.06080023571848869,0.2689311376299223
200,sigmoid,8,Momentum,small_random,0.0001,0.06091179698705673,0.10137960444122164
300,relu,11,Momentum,small_random,0.0001,0.06092812865972519,0.1440360514787595
100,sigmoid,11,Adam,Xavier,0,0.06100843474268913,0.12537963198929786
300,relu,5,Momentum,small_random,0.001,0.061014194041490555,0.14982454026726957
100,sigmoid,11,Adam,Xavier,0.0001,0.061663947999477386,0.13241244208479874
300,sigmoid,5,Momentum,small_random,0,0.061869751662015915,0.30865860348183655
200,sigmoid,8,Adam,small_random,0.0001,0.06200730428099632,0.16952761842376038
100,sigmoid,11,Momentum,Xavier,0.0001,0.06202775239944458,0.1289493227500377
100,sigmoid,8,Momentum,small_random,0.001,0.0620429664850235,0.0900410219433062
200,sigmoid,11,Adam,small_random,0,0.06220109015703201,0.10037290918125928
200,relu,5,Adam,Xavier,0.001,0.062305744737386703,0.31281223598212127
300,relu,5,SGD,Xavier,0,0.062328580766916275,0.24323682024542895
100,relu,11,SGD,Xavier,0.0001,0.06233790144324303,0.15977800028252626
300,relu,11,SGD,Xavier,0,0.06234535574913025,0.16546807477604333
100,sigmoid,8,Momentum,Xavier,0.0001,0.062360722571611404,0.24660595740139307
200,tanh,11,SGD,Xavier,0.001,0.0627722218632698,0.0904514890606953
100,sigmoid,8,Momentum,Xavier,0.001,0.06277678161859512,0.08983098485491245
300,relu,5,SGD,Xavier,0.001,0.06292486935853958,0.13168575198636973
200,tanh,11,SGD,Xavier,0,0.06293172389268875,0.13146926547214763
300,tanh,11,SGD,Xavier,0.0001,0.06306114792823792,0.1337887708520314
200,sigmoid,11,Momentum,small_random,0,0.06307375431060791,0.2760453647950536
300,tanh,8,SGD,Xavier,0.0001,0.0630975291132927,0.18443298855999532
200,tanh,8,SGD,Xavier,0,0.06325894594192505,0.1718984890286521
300,sigmoid,8,Momentum,small_random,0,0.06335605680942535,0.13664869943510272
300,tanh,5,SGD,Xavier,0,0.06341691315174103,0.17766231059099039
200,tanh,8,Momentum,small_random,0,0.06359706819057465,0.3337983284229605
200,relu,11,SGD,Xavier,0.001,0.06362885236740112,0.13576828673070546
300,tanh,5,Adam,small_random,0.0001,0.0636511817574501,0.33784912534691164
300,sigmoid,5,Momentum,small_random,0.0001,0.0636945366859436,0.17170600398858862
300,tanh,5,SGD,Xavier,0.001,0.06384932994842529,0.11143300309652494
300,sigmoid,8,SGD,Xavier,0,0.06397931277751923,0.11955143663658525
200,relu,8,Momentum,small_random,0.0001,0.06404772400856018,0.19202688523106334
100,tanh,5,SGD,Xavier,0,0.06412702798843384,0.14598652337787002
300,tanh,11,SGD,Xavier,0,0.06414046883583069,0.3396264174032827
200,tanh,11,Adam,small_random,0,0.06415291130542755,0.21753097594474452
200,sigmoid,11,Adam,small_random,0.0001,0.06432149559259415,0.11963766008956729
300,sigmoid,8,SGD,Xavier,0.0001,0.06442894786596298,0.10032316941349617
200,tanh,5,SGD,Xavier,0.001,0.06474538892507553,0.08142442165972281
200,relu,5,Momentum,small_random,0.0001,0.06477199494838715,0.22209038031872538
200,relu,5,Momentum,small_random,0,0.06481920927762985,0.19763576004715866
300,relu,8,Adam,small_random,0.001,0.0648559108376503,0.18198691292325214
100,tanh,8,Momentum,small_random,0.001,0.06487191468477249,0.19729651531421447
100,sigmoid,11,Momentum,small_random,0.001,0.06499943137168884,0.1860403462304544
200,tanh,8,Adam,small_random,0.001,0.06504812836647034,0.11083383510908458
100,tanh,8,Adam,small_random,0,0.06572333723306656,0.5144750802861113
200,relu,11,Momentum,small_random,0.0001,0.06572429835796356,0.31382467589735874
300,sigmoid,11,SGD,Xavier,0.0001,0.06592567265033722,0.12027643537426169
200,sigmoid,5,Adam,small_random,0.0001,0.065960593521595,0.15306705099469392
100,tanh,5,SGD,Xavier,0.0001,0.06604894250631332,0.18633266175074972
200,tanh,11,Momentum,small_random,0.0001,0.0661240667104721,0.14679718366245445
300,relu,8,SGD,small_random,0.001,0.06623334437608719,0.21212855914566373
300,sigmoid,11,Momentum,small_random,0.0001,0.06634044647216797,0.20199810315485506
200,tanh,11,SGD,Xavier,0.0001,0.06638293713331223,0.1038463935764475
200,relu,11,SGD,small_random,0,0.06653763353824615,0.21496915655171808
200,tanh,8,SGD,small_random,0.001,0.0665680468082428,0.31294006787106915
300,tanh,5,Momentum,small_random,0,0.06662014871835709,0.14183911167930352
100,sigmoid,8,Momentum,small_random,0.0001,0.0667177140712738,0.12098615782838402
300,relu,11,SGD,Xavier,0.001,0.06686784327030182,0.33538681230259526
100,relu,8,SGD,Xavier,0.001,0.06725263595581055,0.09909651375693745
100,tanh,5,Adam,Xavier,0.0001,0.06737849861383438,0.1789987093175789
200,relu,8,SGD,Xavier,0,0.06798132508993149,0.1465297271931953
200,sigmoid,5,Momentum,small_random,0.0001,0.06813293695449829,0.14133510882626227
100,sigmoid,5,Momentum,Xavier,0,0.06832342594861984,0.15661893175852146
200,tanh,11,Momentum,small_random,0,0.06838450580835342,0.13287639298865728
200,relu,11,Adam,small_random,0,0.06853102892637253,0.3139036994889137
300,sigmoid,11,SGD,small_random,0,0.06877857446670532,0.2482047968151602
100,sigmoid,8,Adam,small_random,0,0.06888989359140396,0.09865370789063296
300,relu,11,Adam,small_random,0.001,0.06899600476026535,0.1410807512097922
300,relu,8,SGD,Xavier,0.0001,0.06909516453742981,0.18546720769084918
200,relu,11,SGD,Xavier,0.0001,0.06914340704679489,0.2434211035041796
300,sigmoid,5,SGD,Xavier,0,0.06917821615934372,0.07297813663776416
300,relu,8,Adam,small_random,0,0.06924173980951309,0.12608127537846595
100,tanh,8,Momentum,small_random,0,0.06943069398403168,0.1376671989422883
300,tanh,5,Momentum,small_random,0.0001,0.0695897787809372,0.27567696646558226
100,tanh,8,SGD,Xavier,0.0001,0.06961364299058914,0.10405169437945537
300,tanh,8,SGD,Xavier,0,0.06981056928634644,0.15912696145535543
300,relu,5,SGD,small_random,0.0001,0.06982547044754028,0.1537946102829578
200,sigmoid,5,Momentum,small_random,0,0.0703020915389061,0.16247444543359243
100,sigmoid,11,Momentum,small_random,0.0001,0.07035349309444427,0.15396413719461005
200,tanh,5,SGD,Xavier,0,0.07049518823623657,0.13307929163447316
300,tanh,8,Momentum,small_random,0,0.07064950466156006,0.25289461260182566
200,relu,5,SGD,Xavier,0,0.07077087461948395,0.11556773939376293
300,relu,11,Adam,small_random,0,0.07113867253065109,0.19851605031205877
300,relu,5,SGD,Xavier,0.0001,0.07118097692728043,0.13861309591316087
100,tanh,11,Adam,Xavier,0.0001,0.07121820747852325,0.21721904712494172
100,sigmoid,11,Adam,small_random,0.001,0.07127244770526886,0.09087859657789406
200,tanh,5,Adam,small_random,0,0.07129128277301788,0.18894624391864442
100,relu,11,Momentum,small_random,0,0.07131300121545792,0.09719372639926437
200,relu,8,Momentum,small_random,0,0.0713578462600708,0.37649583834742867
200,tanh,5,Momentum,small_random,0.0001,0.07156654447317123,0.12334424653459752
300,sigmoid,8,SGD,Xavier,0.001,0.07163812220096588,0.09362791361096173
100,sigmoid,5,Momentum,small_random,0,0.07172224670648575,0.1415910149818903
100,relu,11,Momentum,small_random,0.001,0.07185837626457214,0.20726782124549317
300,relu,5,Momentum,small_random,0,0.07190853357315063,0.1518616473631852
100,tanh,11,SGD,Xavier,0,0.07202216982841492,0.25964583984925194
200,tanh,8,Adam,small_random,0,0.07209636270999908,0.141960337069704
100,tanh,11,SGD,Xavier,0.001,0.07249093055725098,0.13170336439649585
200,sigmoid,5,SGD,Xavier,0.001,0.07256931811571121,0.07218589673013263
200,sigmoid,11,Adam,small_random,0.001,0.0726899579167366,0.11622878069883447
200,relu,8,SGD,Xavier,0.001,0.0729697123169899,0.1655219279502514
100,sigmoid,5,Momentum,small_random,0.001,0.07302764803171158,0.13585770968283842
200,tanh,11,SGD,small_random,0.0001,0.0730380117893219,0.0898490407785333
100,tanh,11,Momentum,small_random,0.0001,0.0731133222579956,0.17628752951478824
300,relu,8,SGD,Xavier,0,0.07319527119398117,0.11787971856367639
300,sigmoid,5,SGD,Xavier,0.0001,0.07322085648775101,0.1734360608246009
100,relu,11,Momentum,small_random,0.0001,0.07323305308818817,0.13894465787350999
300,sigmoid,11,SGD,Xavier,0.001,0.07333622127771378,0.1556479162234932
200,relu,11,SGD,Xavier,0,0.07346267998218536,0.28763655781756214
200,tanh,8,SGD,Xavier,0.0001,0.07393553107976913,0.1442012543169282
200,sigmoid,5,SGD,Xavier,0.0001,0.07397196441888809,0.1936809373452393
300,relu,11,SGD,small_random,0.001,0.07429982721805573,0.21094116671667126
200,relu,5,SGD,Xavier,0.0001,0.07461251318454742,0.22820628292119366
200,tanh,11,Adam,small_random,0.001,0.07465439289808273,0.10241872928935165
300,relu,11,SGD,small_random,0.0001,0.07509195059537888,0.10773326554599182
300,relu,8,SGD,Xavier,0.001,0.07517027109861374,0.07636929793675104
100,tanh,5,Momentum,small_random,0.0001,0.0756530612707138,0.2005466865719985
300,tanh,8,SGD,small_random,0,0.0756584107875824,0.21283653811485548
200,tanh,8,Momentum,small_random,0.0001,0.07569057494401932,0.19817402603960213
100,tanh,5,Momentum,small_random,0.001,0.07580158859491348,0.35094475593110686
100,relu,8,Momentum,small_random,0,0.07585109025239944,0.16568250531896342
100,relu,5,Momentum,small_random,0.0001,0.07585740834474564,0.1515045031839618
300,sigmoid,8,SGD,small_random,0.0001,0.07600969821214676,0.1384026642069013
300,relu,5,Momentum,small_random,0.0001,0.07611997425556183,0.13954947637686346
200,tanh,8,SGD,Xavier,0.001,0.0763530284166336,0.18949715674747325
100,tanh,11,SGD,Xavier,0.0001,0.07645759731531143,0.16706869350341486
100,sigmoid,11,Adam,Xavier,0.001,0.0765174850821495,0.09409027173231457
200,relu,8,SGD,Xavier,0.0001,0.0768078938126564,0.19331464877969098
200,relu,11,SGD,small_random,0.0001,0.07697949558496475,0.15421567322099472
100,relu,5,Adam,Xavier,0.001,0.07704824209213257,0.13482824637577223
300,relu,8,Adam,small_random,0.0001,0.07734835892915726,0.19850280738356108
100,tanh,8,Adam,Xavier,0.001,0.07762155681848526,0.17612976298012326
100,tanh,8,SGD,Xavier,0.001,0.0776505097746849,0.11826666318374027
100,tanh,11,Adam,small_random,0.0001,0.07769904285669327,0.23022966132496064
100,sigmoid,5,Momentum,small_random,0.0001,0.07776695489883423,0.11008946230144742
100,relu,11,SGD,small_random,0.001,0.077973373234272,0.15907528588137065
100,relu,8,SGD,Xavier,0,0.07802917063236237,0.14769431991855228
100,sigmoid,8,Momentum,small_random,0,0.078162282705307,0.13924507410491302
200,sigmoid,11,SGD,Xavier,0.001,0.07821387052536011,0.09635162485857668
300,relu,8,Momentum,small_random,0.0001,0.07841885834932327,0.11716918289609776
100,sigmoid,8,Adam,Xavier,0,0.0785931646823883,0.11791922639553248
200,sigmoid,8,SGD,Xavier,0.0001,0.07861030846834183,0.1253868064294556
200,sigmoid,8,SGD,Xavier,0,0.07879675924777985,0.21167519739175855
200,sigmoid,8,Momentum,small_random,0,0.07911677658557892,0.1762770380870191
200,sigmoid,8,Adam,small_random,0.001,0.0792049914598465,0.07442843718566432
300,tanh,11,SGD,small_random,0.0001,0.07928489148616791,0.1797546374606372
100,relu,5,SGD,Xavier,0.0001,0.07936681061983109,0.4408557392647844
200,sigmoid,8,SGD,small_random,0.001,0.07975652813911438,0.21122782573219526
100,sigmoid,11,Momentum,small_random,0,0.08021152764558792,0.184862628975664
300,tanh,11,SGD,small_random,0.001,0.0804138109087944,0.19455607992929647
300,sigmoid,5,SGD,Xavier,0.001,0.08052364736795425,0.11467307336983727
300,sigmoid,5,SGD,small_random,0.001,0.08055198192596436,0.3228117351801657
200,tanh,11,SGD,small_random,0.001,0.08059080690145493,0.1539194369506286
100,relu,8,Momentum,small_random,0.0001,0.08102812618017197,0.11022405345495609
100,tanh,8,Adam,small_random,0.001,0.08115044236183167,0.2546378472508873
200,tanh,5,SGD,small_random,0.0001,0.08115985989570618,0.11850172779898716
100,sigmoid,11,SGD,Xavier,0.0001,0.08143498003482819,0.10431838372832176
100,relu,5,SGD,Xavier,0,0.08155804872512817,0.1777420727338934
200,relu,5,SGD,small_random,0,0.08160527050495148,0.12660138705600385
300,relu,11,SGD,small_random,0,0.08225670456886292,0.28368863995458166
300,sigmoid,5,Adam,small_random,0.001,0.08300279080867767,0.167151652050248
300,relu,8,SGD,small_random,0.0001,0.0833313837647438,0.1640736126278163
200,sigmoid,11,SGD,Xavier,0.0001,0.08343513309955597,0.19621144744784227
200,relu,11,Momentum,small_random,0.001,0.08359752595424652,0.48552281132953035
200,tanh,5,Adam,small_random,0.0001,0.08396673202514648,0.3158558777177512
200,sigmoid,11,SGD,small_random,0.001,0.08490201830863953,0.12597552554856584
200,sigmoid,5,Adam,small_random,0,0.08504782617092133,0.1403421463665888
300,sigmoid,11,SGD,Xavier,0,0.0854867547750473,0.17726154730453755
100,tanh,8,Momentum,small_random,0.0001,0.08551833033561707,0.14552972241833523
100,relu,5,Momentum,small_random,0.001,0.08552482724189758,0.29487027427792484
200,sigmoid,11,SGD,Xavier,0,0.08567427843809128,0.1482991470850039
200,tanh,8,Adam,small_random,0.0001,0.08589261025190353,0.19482883668508794
300,relu,8,SGD,small_random,0,0.0864027887582779,0.2890574016376515
100,relu,11,SGD,Xavier,0,0.0864490494132042,0.10232501975580205
300,sigmoid,11,SGD,small_random,0.001,0.08648116141557693,0.29229718068220434
200,tanh,11,SGD,small_random,0,0.08679257333278656,0.12218279883146713
100,tanh,8,Adam,Xavier,0.0001,0.08717253059148788,0.18636586669637178
200,tanh,8,SGD,small_random,0,0.08726830780506134,0.24251720238374655
100,sigmoid,8,SGD,small_random,0,0.08734720200300217,0.12185057550067302
200,tanh,5,SGD,Xavier,0.0001,0.08753884583711624,0.16674099436861917
200,relu,8,SGD,small_random,0.001,0.08770226687192917,0.2639198149482073
100,sigmoid,5,Adam,small_random,0,0.08787064999341965,0.3349137010767697
100,relu,5,Adam,Xavier,0.0001,0.08795030415058136,0.1713792435162289
300,tanh,8,SGD,small_random,0.001,0.08823608607053757,0.21298940307833816
100,tanh,5,Momentum,small_random,0,0.08832617849111557,0.19758299194576914
300,relu,5,Adam,small_random,0,0.08834132552146912,0.7293201644782
200,tanh,8,SGD,small_random,0.0001,0.08854231238365173,0.4110726270367174
100,relu,11,SGD,small_random,0,0.08900826424360275,0.20498091184707545
100,relu,11,SGD,Xavier,0.001,0.08915787935256958,0.12836503770811158
100,tanh,5,Adam,small_random,0,0.08942776918411255,0.2742197680038269
300,sigmoid,5,SGD,small_random,0.0001,0.08962445706129074,0.15715059351085728
200,tanh,5,Momentum,small_random,0,0.09002112597227097,0.2248832402119375
200,relu,11,Adam,small_random,0.0001,0.09006185829639435,0.17760999578060999
100,relu,8,Adam,small_random,0.0001,0.09017655998468399,0.11193232428990764
300,tanh,11,SGD,small_random,0,0.09042590856552124,0.343743570664956
300,tanh,5,SGD,small_random,0.001,0.09104777872562408,0.28782822960902277
100,sigmoid,8,Adam,small_random,0.001,0.09149396419525146,0.10956780085486446
200,tanh,5,Adam,small_random,0.001,0.09152282029390335,0.31112681759309063
100,relu,8,SGD,Xavier,0.0001,0.09161514788866043,0.13826711529970967
100,sigmoid,11,Adam,small_random,0,0.09186509251594543,0.12021148858550694
100,sigmoid,5,Adam,small_random,0.0001,0.0920189768075943,0.39449408499490063
100,sigmoid,11,Adam,small_random,0.0001,0.09277302026748657,0.39390498861437134
100,relu,8,Momentum,small_random,0.001,0.09294608980417252,0.45664127691167816
300,sigmoid,8,SGD,small_random,0.001,0.0934123545885086,0.3005078887484574
100,sigmoid,8,SGD,small_random,0.0001,0.09351467341184616,0.2856475315635176
100,tanh,8,SGD,small_random,0.001,0.0938567966222763,0.21492853969006667
100,sigmoid,11,SGD,Xavier,0,0.09386343508958817,0.10188079145112067
100,relu,5,Adam,Xavier,0,0.09388677030801773,0.12568645463017877
100,tanh,5,SGD,small_random,0.0001,0.09423749893903732,0.14160434368941863
100,tanh,5,SGD,Xavier,0.001,0.09475267678499222,0.14941277826278987
300,sigmoid,5,SGD,small_random,0,0.09487603604793549,0.16735431397578165
100,tanh,11,SGD,small_random,0.001,0.09488590061664581,0.21587554285381022
200,relu,8,Adam,small_random,0.0001,0.09541109204292297,0.16388127992368962
100,relu,5,SGD,small_random,0.0001,0.09607455879449844,0.2386353803287205
300,sigmoid,11,SGD,small_random,0.0001,0.09672588855028152,0.23671149423091128
100,tanh,8,SGD,Xavier,0,0.09696874767541885,0.4735837028052351
300,relu,5,Adam,small_random,0.001,0.09700784087181091,0.5108925276183804
200,sigmoid,11,SGD,small_random,0,0.09712975472211838,0.2889263989042996
200,relu,5,SGD,small_random,0.0001,0.0977964848279953,0.26363960094905076
100,sigmoid,5,SGD,Xavier,0.0001,0.09807807952165604,0.11768673615794248
100,tanh,8,Adam,small_random,0.0001,0.0992450937628746,0.1930223992736608
100,relu,11,Adam,small_random,0,0.10024811327457428,0.4804203808295248
100,sigmoid,8,SGD,Xavier,0.001,0.10065850615501404,0.16480883746603264
100,sigmoid,5,Adam,Xavier,0,0.10173457860946655,0.12137318752424439
100,tanh,5,Adam,small_random,0.0001,0.10189209878444672,0.15088463386452064
200,relu,8,SGD,small_random,0.0001,0.10225551575422287,0.5247726755100471
100,relu,8,SGD,small_random,0.0001,0.1027131974697113,0.25887199413192635
100,sigmoid,8,SGD,small_random,0.001,0.10293495655059814,0.2503604852204747
100,sigmoid,8,SGD,Xavier,0,0.10314499586820602,0.15583379781664294
100,sigmoid,11,SGD,Xavier,0.001,0.10473815351724625,0.12940407611374052
100,relu,5,SGD,small_random,0.001,0.1047985702753067,0.17857394176205654
200,sigmoid,5,SGD,Xavier,0,0.10533116012811661,0.28498894508473716
100,sigmoid,5,Adam,Xavier,0.001,0.10622143745422363,0.18212449779588769
200,sigmoid,8,SGD,Xavier,0.001,0.1074042022228241,0.18028533882221365
100,tanh,8,SGD,small_random,0.0001,0.10840190947055817,0.23283579131963808
200,sigmoid,11,SGD,small_random,0.0001,0.1092459186911583,0.22564715548904238
100,relu,8,SGD,small_random,0,0.10961350053548813,0.2410747392358613
300,sigmoid,8,SGD,small_random,0,0.11061755567789078,0.12734113945134107
300,tanh,5,SGD,small_random,0,0.11223986744880676,0.28595882524787797
100,tanh,11,SGD,small_random,0,0.1122986450791359,0.20988892952654412
300,tanh,8,SGD,small_random,0.0001,0.11465202271938324,0.4188459210796785
300,tanh,5,SGD,small_random,0.0001,0.11679079383611679,0.19758351222513393
200,sigmoid,8,SGD,small_random,0,0.11714977025985718,0.31226399039798414
100,tanh,11,Adam,small_random,0.001,0.11786261200904846,0.1959639917537175
200,relu,11,SGD,small_random,0.001,0.11850734055042267,0.15906861510438955
200,relu,8,Adam,small_random,0,0.11854441463947296,0.1353581699463373
300,relu,5,SGD,small_random,0.001,0.11937402188777924,0.42504634768329724
100,tanh,11,SGD,small_random,0.0001,0.12014922499656677,0.2442087381521487
100,sigmoid,5,Adam,small_random,0.001,0.12034273147583008,0.08751175839818595
100,sigmoid,8,Adam,small_random,0.0001,0.12060312926769257,0.2664010819960795
100,sigmoid,5,SGD,Xavier,0.001,0.120750792324543,0.10837919533143714
200,sigmoid,5,SGD,small_random,0.001,0.12219466269016266,0.1751209624011032
100,relu,5,SGD,Xavier,0.001,0.12243485450744629,0.3979453677308372
200,sigmoid,5,Adam,small_random,0.001,0.12251085042953491,0.36514195297543617
100,tanh,8,SGD,small_random,0,0.12341650575399399,0.2520458656093257
100,tanh,5,SGD,small_random,0.001,0.12349069863557816,0.21559392570585265
100,relu,8,SGD,small_random,0.001,0.12429621070623398,0.1809514556343581
100,sigmoid,11,SGD,small_random,0,0.12533199787139893,0.21984289907643062
200,relu,5,Momentum,small_random,0.001,0.1257934719324112,0.23335690291293462
100,sigmoid,8,SGD,Xavier,0.0001,0.12644344568252563,0.188484000341517
100,sigmoid,5,SGD,Xavier,0,0.1266782134771347,0.11560798981374683
200,tanh,5,SGD,small_random,0,0.1279895156621933,0.10430665890678383
200,relu,8,SGD,small_random,0,0.12837770581245422,0.1615523066295939
100,relu,11,Adam,small_random,0.0001,0.12858867645263672,0.5210383944864715
200,sigmoid,8,SGD,small_random,0.0001,0.1289558857679367,0.08940294621357192
200,sigmoid,5,SGD,small_random,0,0.12992043793201447,0.12049758742958706
100,relu,8,Adam,small_random,0,0.1317213475704193,0.5774864835383576
300,relu,5,SGD,small_random,0,0.13196200132369995,0.17814537336692157
200,relu,5,Adam,small_random,0.0001,0.13227006793022156,0.2742291696730083
100,relu,5,SGD_with_cosine,Xavier,0,0.13266216218471527,0.19456890170924582
200,tanh,5,SGD,small_random,0.001,0.13313566148281097,0.13568971200307448
100,tanh,5,Adam,small_random,0.001,0.13333660364151,0.49253417150761647
100,relu,5,SGD,small_random,0,0.13676150143146515,0.16166717472758263
300,tanh,11,SGD_with_cosine,Xavier,0.001,0.13932858407497406,0.16029621169731864
100,sigmoid,11,SGD,small_random,0.0001,0.13971440494060516,0.20595447624472107
100,tanh,5,SGD,small_random,0,0.14022289216518402,0.32740709165501625
100,sigmoid,11,SGD,small_random,0.001,0.1432848870754242,0.16300377741810287
200,relu,5,Adam,small_random,0,0.14701825380325317,0.3298326541086283
100,sigmoid,5,SGD,small_random,0.0001,0.1494685262441635,0.15782766697283454
100,relu,11,Adam,small_random,0.001,0.14971652626991272,0.49938658320994667
100,sigmoid,5,SGD,small_random,0.001,0.1540726274251938,0.10435039697538646
100,relu,5,Adam,small_random,0,0.1541575789451599,0.2837646624239419
100,tanh,11,Adam,small_random,0,0.15453720092773438,0.25736924804818606
200,relu,8,Adam,small_random,0.001,0.15533220767974854,0.318788818799422
200,sigmoid,8,Momentum_with_cosine,Xavier,0.001,0.15634247660636902,0.1503357021887133
100,relu,11,SGD,small_random,0.0001,0.1564740687608719,0.27013036657743333
200,sigmoid,5,SGD,small_random,0.0001,0.1588422954082489,0.15643779235620153
300,tanh,11,Momentum_with_cosine,Xavier,0.0001,0.1654423177242279,0.21460569670095161
100,sigmoid,5,SGD,small_random,0,0.1775132715702057,0.18139937879022025
200,relu,5,SGD,small_random,0.001,0.17878158390522003,0.21757848553577944
200,sigmoid,8,Adam_with_cosine,Xavier,0,0.18392473459243774,0.1460754959523593
100,relu,8,Adam,small_random,0.001,0.18736957013607025,0.409579518019281
200,relu,5,Adam,small_random,0.001,0.19321104884147644,0.5032526265839445
300,sigmoid,8,Adam_with_cosine,Xavier,0.001,0.19482570886611938,0.13455489523804046
200,sigmoid,11,Momentum_with_cosine,Xavier,0.001,0.20640714466571808,0.14643890254928155
100,sigmoid,5,Adam_with_cosine,Xavier,0.0001,0.21130764484405518,0.181433787639607
200,sigmoid,8,SGD_with_cosine,small_random,0.0001,0.21344996988773346,0.17269811200892293
200,relu,11,SGD_with_cosine,Xavier,0.0001,0.21417780220508575,0.13533657066782576
300,sigmoid,11,Adam_with_cosine,Xavier,0.001,0.2206469625234604,0.21552937781950543
300,sigmoid,8,Momentum_with_cosine,small_random,0.001,0.2251473218202591,0.2636209561312148
300,sigmoid,5,Momentum_with_cosine,small_random,0,0.22576269507408142,0.19294549843636494
100,sigmoid,8,Adam_with_cosine,small_random,0.0001,0.229221373796463,0.32905827694271794
200,tanh,11,Momentum_with_cosine,Xavier,0.0001,0.2313474863767624,0.2497464521379543
200,tanh,11,SGD_with_cosine,Xavier,0.0001,0.231480672955513,0.479093856926799
100,tanh,5,Adam_with_cosine,Xavier,0,0.23527148365974426,0.2266465204883975
200,sigmoid,11,Adam_with_cosine,Xavier,0.001,0.23727576434612274,0.15400752300515427
300,tanh,8,SGD_with_cosine,Xavier,0.001,0.2394438236951828,0.49725569619867954
200,sigmoid,5,Adam_with_cosine,Xavier,0.001,0.24038885533809662,0.1273098684626599
100,sigmoid,5,Momentum_with_cosine,Xavier,0.0001,0.2408577799797058,0.16017348209553298
300,relu,8,SGD_with_cosine,Xavier,0.001,0.2417113035917282,0.3393185977892337
200,sigmoid,5,SGD_with_cosine,Xavier,0,0.24298204481601715,0.15855019933425638
100,relu,8,SGD_with_cosine,Xavier,0,0.25046929717063904,0.4589324126647319
100,relu,5,SGD_with_cosine,Xavier,0.0001,0.25194570422172546,0.39233302330748115
200,relu,5,Momentum,Xavier,0,0.26064062118530273,0.1464177725020528
100,relu,5,Momentum,small_random,0,0.26098620891571045,0.14658746501304926
100,sigmoid,11,SGD_with_cosine,small_random,0.0001,0.2612466514110565,0.22972199606851562
100,sigmoid,8,SGD_with_cosine,small_random,0.001,0.26419639587402344,0.3380384204086684
100,tanh,5,SGD_with_cosine,Xavier,0.0001,0.2669719457626343,0.5503381733255789
300,relu,5,SGD_with_cosine,Xavier,0.0001,0.2676674723625183,0.35893728924262625
200,relu,11,Momentum_with_cosine,Xavier,0.001,0.26797208189964294,0.2621286686172097
300,tanh,8,Momentum_with_cosine,Xavier,0.001,0.2692777216434479,0.30007083168214305
200,sigmoid,8,Momentum_with_cosine,Xavier,0,0.2723280191421509,0.2811528652354188
100,relu,11,Adam_with_cosine,Xavier,0.001,0.27261561155319214,0.2723840472206335
200,tanh,5,Adam_with_cosine,small_random,0,0.28125569224357605,0.3889708858354858
300,relu,11,Adam_with_cosine,Xavier,0.001,0.28628116846084595,0.4696287189764973
200,sigmoid,11,Adam_with_cosine,small_random,0.0001,0.29309946298599243,0.27531692010736325
100,sigmoid,5,Momentum_with_cosine,Xavier,0,0.2937155067920685,0.3587994335094609
200,tanh,11,Adam_with_cosine,Xavier,0.001,0.2946580648422241,0.5158485084766046
100,relu,5,Adam,small_random,0.0001,0.2970341444015503,0.6005688062361882
200,tanh,8,Adam_with_cosine,Xavier,0.0001,0.2982535660266876,0.4940507385628256
200,relu,11,Adam_with_cosine,Xavier,0.0001,0.3001972734928131,0.3664840898221863
300,sigmoid,8,SGD_with_cosine,Xavier,0,0.3021359443664551,0.18052034645783163
100,tanh,11,Momentum_with_cosine,small_random,0,0.3039228022098541,0.6368093510797993
100,relu,5,Momentum_with_cosine,Xavier,0,0.3126647174358368,0.18834757832900365
100,sigmoid,11,Momentum_with_cosine,Xavier,0.0001,0.31334903836250305,0.24448946529043208
100,sigmoid,8,Momentum_with_cosine,small_random,0.0001,0.3142545521259308,0.3910046630751353
100,relu,5,Momentum_with_cosine,Xavier,0.001,0.3152617812156677,0.3415075449041249
100,sigmoid,8,SGD_with_cosine,Xavier,0.001,0.3153077960014343,0.1382809623766624
200,sigmoid,11,SGD_with_cosine,Xavier,0.001,0.32081982493400574,0.18783167573336487
200,tanh,11,SGD_with_cosine,Xavier,0.001,0.3223201632499695,0.5355287121249819
100,relu,5,Adam_with_cosine,Xavier,0.001,0.32338976860046387,0.4129296974366663
100,tanh,8,SGD_with_cosine,Xavier,0,0.3264467418193817,0.28492009568221977
200,tanh,8,Adam_with_cosine,Xavier,0,0.3295774459838867,0.2590779170670241
100,sigmoid,5,SGD_with_cosine,Xavier,0.001,0.33288678526878357,0.18441548402536032
200,relu,11,Adam_with_cosine,Xavier,0,0.33427244424819946,0.3678740891702426
100,tanh,5,Momentum_with_cosine,Xavier,0.001,0.3355260491371155,0.2728274492947165
100,sigmoid,5,Momentum_with_cosine,small_random,0.0001,0.3369545638561249,0.3878349572717989
200,relu,11,Momentum_with_cosine,Xavier,0,0.340119868516922,0.5282652635818025
100,sigmoid,5,Adam_with_cosine,small_random,0,0.34468454122543335,0.4017776651851843
200,tanh,8,SGD_with_cosine,Xavier,0.001,0.347434401512146,0.2203504396539055
300,tanh,8,Adam_with_cosine,Xavier,0.001,0.3479047119617462,0.5683868432133728
100,sigmoid,5,Adam_with_cosine,small_random,0.0001,0.35041311383247375,0.43801771163085607
300,sigmoid,11,SGD_with_cosine,Xavier,0.001,0.3562212586402893,0.4312382182123323
100,sigmoid,11,Momentum_with_cosine,small_random,0.001,0.3584752380847931,0.1724646859611543
200,sigmoid,8,SGD_with_cosine,Xavier,0,0.3631831109523773,0.38760201217864043
300,sigmoid,8,Momentum_with_cosine,Xavier,0,0.36454832553863525,0.20500234134009584
100,relu,8,Adam_with_cosine,Xavier,0.0001,0.36517027020454407,0.16614421110711292
300,tanh,11,Momentum_with_cosine,Xavier,0.001,0.3671197295188904,0.20003799062593788
300,sigmoid,5,Adam_with_cosine,Xavier,0,0.37677454948425293,0.16497924807775685
300,tanh,8,Momentum_with_cosine,small_random,0.0001,0.37695467472076416,0.4537131979243176
200,tanh,5,Momentum_with_cosine,Xavier,0.0001,0.3804401457309723,0.20563143995385938
100,sigmoid,8,SGD_with_cosine,Xavier,0,0.3842594623565674,0.4385458226927024
100,sigmoid,5,SGD_with_cosine,small_random,0.001,0.38427209854125977,0.23241588745491984
200,sigmoid,8,Adam_with_cosine,Xavier,0.001,0.38532403111457825,0.2105382338008712
300,sigmoid,5,Adam_with_cosine,small_random,0,0.3900352418422699,0.449010533380647
100,sigmoid,11,SGD_with_cosine,Xavier,0.001,0.39205801486968994,0.5113005708157301
200,relu,8,Momentum_with_cosine,Xavier,0.0001,0.39567118883132935,0.36463525128321034
200,sigmoid,5,Adam_with_cosine,small_random,0.001,0.39998945593833923,0.34065520563543844
300,relu,8,Momentum_with_cosine,small_random,0.0001,0.4012731611728668,0.2686157857823837
100,relu,5,SGD_with_cosine,Xavier,0.001,0.40562620759010315,0.3855685085891253
100,sigmoid,11,Adam_with_cosine,Xavier,0.001,0.40723782777786255,0.37538422452596387
100,relu,11,Adam_with_cosine,small_random,0.0001,0.4075690507888794,0.19810656130229184
300,tanh,5,Adam_with_cosine,Xavier,0.001,0.40818020701408386,0.2686293455776818
300,tanh,11,Adam_with_cosine,small_random,0.001,0.4129539132118225,0.8672507603290213
100,sigmoid,11,Momentum_with_cosine,small_random,0.0001,0.41308659315109253,0.5491144161293404
300,sigmoid,11,Adam_with_cosine,small_random,0,0.4181455075740814,0.32748316900417224
300,tanh,8,Adam_with_cosine,Xavier,0.0001,0.4190519452095032,0.49313847283674445
200,relu,5,Adam_with_cosine,Xavier,0.001,0.4200614094734192,0.6217955495916941
100,relu,11,Momentum_with_cosine,Xavier,0.0001,0.4210965633392334,0.3219075213404514
300,sigmoid,5,Adam_with_cosine,Xavier,0.0001,0.4221894145011902,0.2849795526211345
200,relu,11,SGD_with_cosine,Xavier,0,0.4225921034812927,0.4889234466927211
100,sigmoid,5,SGD_with_cosine,Xavier,0.0001,0.4228903651237488,0.3869791659435993
200,sigmoid,11,SGD_with_cosine,small_random,0.0001,0.4229750335216522,0.46874700105626854
200,sigmoid,5,Adam_with_cosine,Xavier,0.0001,0.42807596921920776,0.2724807104671934
100,tanh,11,SGD_with_cosine,Xavier,0.001,0.4368591606616974,0.6894381525243609
100,tanh,8,Momentum_with_cosine,small_random,0.0001,0.4373677670955658,0.3267544271471145
100,relu,5,Adam,small_random,0.001,0.4383784234523773,0.552519350242049
200,sigmoid,5,Adam_with_cosine,small_random,0,0.43879610300064087,0.36850708043611297
300,tanh,5,SGD_with_cosine,Xavier,0.0001,0.4391416311264038,0.21638800056761565
300,sigmoid,8,Adam_with_cosine,small_random,0,0.44096094369888306,0.32623326004203645
300,sigmoid,11,Momentum_with_cosine,small_random,0,0.4424745738506317,0.339367997976438
200,relu,8,Momentum_with_cosine,Xavier,0.001,0.44547200202941895,0.711004289697391
100,tanh,8,Momentum_with_cosine,Xavier,0,0.44582292437553406,0.3114864591499039
100,relu,5,Adam_with_cosine,small_random,0,0.4461940824985504,0.5246671231532928
300,relu,11,SGD_with_cosine,Xavier,0.001,0.44786393642425537,0.5086699599826703
100,tanh,5,Momentum_with_cosine,Xavier,0,0.4510917365550995,0.16887936409575197
200,relu,11,SGD_with_cosine,Xavier,0.001,0.45271816849708557,0.5179146043088257
100,tanh,8,Momentum_with_cosine,small_random,0.001,0.4542451798915863,0.39864741917365254
100,tanh,5,Momentum_with_cosine,small_random,0.001,0.45519185066223145,0.3862046434107197
100,sigmoid,5,SGD_with_cosine,small_random,0.0001,0.45548126101493835,0.32741999102138786
200,sigmoid,11,Momentum_with_cosine,Xavier,0,0.45699846744537354,0.32334821597899543
200,sigmoid,8,Adam_with_cosine,small_random,0.0001,0.459751695394516,0.2584155355942949
200,sigmoid,5,Momentum_with_cosine,Xavier,0,0.4645983874797821,0.3464996270060723
200,tanh,8,Momentum_with_cosine,Xavier,0.001,0.4651709794998169,0.1464304903452344
100,tanh,8,Momentum_with_cosine,Xavier,0.001,0.4657072126865387,0.7344145382791423
200,relu,5,Adam_with_cosine,small_random,0.0001,0.4665806293487549,0.8379527280959419
200,sigmoid,8,SGD_with_cosine,Xavier,0.001,0.4673544466495514,0.344229298146979
100,relu,11,Momentum_with_cosine,small_random,0,0.4687564969062805,0.8649961712668467
200,sigmoid,5,Adam_with_cosine,small_random,0.0001,0.46947088837623596,0.5233503107976452
300,sigmoid,8,Momentum_with_cosine,small_random,0,0.47192350029945374,0.4127268602472938
100,sigmoid,8,Momentum_with_cosine,small_random,0,0.47494634985923767,0.3619075942803493
200,relu,5,Momentum_with_cosine,small_random,0.0001,0.4751349985599518,0.3034962263787757
100,sigmoid,5,SGD_with_cosine,small_random,0,0.47688430547714233,0.3421130024292873
100,tanh,11,Adam_with_cosine,Xavier,0.0001,0.47712820768356323,0.6528969867562575
200,tanh,8,Momentum_with_cosine,Xavier,0.0001,0.4787940979003906,0.30193500015120667
200,sigmoid,11,Adam_with_cosine,small_random,0,0.4830160140991211,0.26476070117358197
200,tanh,8,SGD_with_cosine,Xavier,0.0001,0.483349084854126,1.2808412791730894
300,relu,5,SGD_with_cosine,Xavier,0.001,0.493929386138916,0.4353290811266939
100,tanh,11,Momentum_with_cosine,Xavier,0.0001,0.4951872229576111,0.38101606345171024
100,sigmoid,11,Adam_with_cosine,small_random,0,0.4964509904384613,0.4231121822382882
200,sigmoid,5,SGD_with_cosine,small_random,0.001,0.5047646760940552,0.32638111422167326
100,relu,11,Momentum_with_cosine,Xavier,0.001,0.5088486075401306,0.40870119522990267
300,relu,5,Adam_with_cosine,Xavier,0.0001,0.5092488527297974,0.5242976902471267
200,tanh,5,SGD_with_cosine,Xavier,0.0001,0.5102556347846985,0.6406525589304686
300,relu,11,SGD_with_cosine,Xavier,0,0.5173824429512024,0.4960393480188858
100,sigmoid,11,Adam_with_cosine,Xavier,0,0.5220822691917419,0.5661407068943008
200,sigmoid,8,Adam_with_cosine,Xavier,0.0001,0.5227320790290833,0.5191404484150386
300,sigmoid,11,Adam_with_cosine,Xavier,0.0001,0.5244655013084412,0.49796229271412384
300,relu,8,SGD_with_cosine,small_random,0,0.5260574221611023,0.9266959348847433
200,tanh,5,Adam_with_cosine,Xavier,0,0.5287313461303711,0.7087396388723589
200,tanh,11,SGD_with_cosine,small_random,0.001,0.5315036773681641,1.0677312835862736
300,tanh,11,Adam_with_cosine,small_random,0.0001,0.5324805974960327,0.8263683870431611
300,sigmoid,11,SGD_with_cosine,small_random,0.0001,0.5397507548332214,0.48790736296123194
200,tanh,8,Momentum_with_cosine,Xavier,0,0.5415881276130676,0.45531922122351365
300,sigmoid,5,Momentum_with_cosine,Xavier,0.001,0.5423226952552795,0.3861841366103605
300,tanh,5,Momentum_with_cosine,Xavier,0.001,0.5462338328361511,0.5918307464100734
300,sigmoid,11,Adam_with_cosine,small_random,0.0001,0.5493245720863342,0.4051434244769906
200,sigmoid,5,Momentum_with_cosine,Xavier,0.0001,0.5522996783256531,0.4720478913363083
200,sigmoid,5,SGD_with_cosine,Xavier,0.001,0.5556591153144836,0.47877506103454465
200,relu,8,Momentum_with_cosine,small_random,0,0.5564926266670227,0.6386970801266865
100,relu,5,Adam_with_cosine,Xavier,0.0001,0.5574160218238831,0.36317960191614773
200,relu,8,SGD_with_cosine,Xavier,0.001,0.5675509572029114,0.4149360751552813
200,sigmoid,8,Adam_with_cosine,small_random,0.001,0.577675998210907,0.5438240860675354
200,relu,5,SGD_with_cosine,Xavier,0.0001,0.5777778029441833,0.8709965281862719
200,tanh,11,Adam_with_cosine,small_random,0.001,0.5778759121894836,0.45510674410119134
300,tanh,5,Adam_with_cosine,Xavier,0,0.5801225304603577,0.48096957180853916
300,tanh,8,SGD_with_cosine,small_random,0.001,0.5807512998580933,0.8924143205638366
200,relu,11,Momentum_with_cosine,Xavier,0.0001,0.5859571099281311,0.7161305583157479
300,tanh,11,Momentum_with_cosine,small_random,0.0001,0.5860021114349365,0.9901542737773158
300,sigmoid,5,Momentum_with_cosine,small_random,0.001,0.5888344049453735,0.5722046152266644
300,relu,5,Momentum_with_cosine,small_random,0,0.5890305042266846,0.5328306543982473
200,tanh,5,Adam_with_cosine,Xavier,0.0001,0.5929005742073059,0.8085829617857583
100,relu,8,Adam_with_cosine,Xavier,0,0.5989219546318054,1.0105973018463268
200,tanh,11,SGD_with_cosine,Xavier,0,0.5997182726860046,0.31699998683271347
100,tanh,11,Momentum_with_cosine,Xavier,0,0.6096500158309937,0.3176379328834943
200,sigmoid,11,Momentum_with_cosine,Xavier,0.0001,0.6136996150016785,0.5674078643328312
200,relu,5,SGD_with_cosine,Xavier,0.001,0.6186172962188721,0.5731260536548833
200,relu,5,Adam_with_cosine,Xavier,0,0.6228637099266052,0.6297265681115141
300,relu,5,Momentum_with_cosine,Xavier,0.001,0.6254525184631348,0.4842253988774249
200,sigmoid,5,Adam_with_cosine,Xavier,0,0.633399248123169,0.7248185563463542
100,relu,11,SGD_with_cosine,Xavier,0,0.6351689100265503,0.838169534234213
300,tanh,5,Adam_with_cosine,Xavier,0.0001,0.6353180408477783,0.5534277518812479
300,relu,11,Adam_with_cosine,Xavier,0,0.6420502662658691,0.6727846814550429
100,tanh,8,Adam_with_cosine,Xavier,0.001,0.6428053975105286,0.6823826326141592
200,sigmoid,8,SGD_with_cosine,Xavier,0.0001,0.6435473561286926,0.585250384090465
100,tanh,11,SGD_with_cosine,Xavier,0.0001,0.6443871259689331,1.0947836872877688
300,relu,5,SGD_with_cosine,small_random,0.0001,0.645340085029602,0.6130046479129094
300,tanh,8,Momentum_with_cosine,Xavier,0.0001,0.6475639343261719,0.3807637097295849
100,relu,11,Adam_with_cosine,Xavier,0,0.6517261862754822,0.429477079683178
200,sigmoid,5,Momentum_with_cosine,small_random,0.001,0.6537525057792664,0.27742763281140526
300,sigmoid,5,SGD_with_cosine,Xavier,0.001,0.6563062071800232,0.6307567939561769
100,relu,8,SGD_with_cosine,Xavier,0.001,0.6631622910499573,0.360169498455743
300,tanh,5,Adam_with_cosine,small_random,0.001,0.666465699672699,0.5916559842840511
300,sigmoid,5,Momentum_with_cosine,Xavier,0.0001,0.6674551367759705,0.4957331247713039
300,tanh,11,Momentum_with_cosine,small_random,0,0.6702121496200562,0.7913491953879775
300,tanh,5,Adam_with_cosine,small_random,0,0.6708840131759644,1.1831796128009358
300,sigmoid,11,SGD_with_cosine,small_random,0,0.6711550951004028,0.3187368526624291
200,relu,8,Adam_with_cosine,small_random,0.001,0.6795060634613037,0.7542304327885067
200,tanh,5,Adam_with_cosine,Xavier,0.001,0.6807438731193542,0.699259752388963
100,sigmoid,8,SGD_with_cosine,Xavier,0.0001,0.6816229820251465,0.7540384587275261
200,tanh,5,Momentum_with_cosine,Xavier,0,0.6853188276290894,0.583224972591189
100,tanh,11,SGD_with_cosine,small_random,0.001,0.6855490803718567,1.049545951798401
200,relu,5,Momentum_with_cosine,Xavier,0.001,0.687274694442749,0.655131409804285
100,relu,11,Adam_with_cosine,Xavier,0.0001,0.6907672882080078,1.187610745537861
200,relu,5,Adam_with_cosine,Xavier,0.0001,0.6912147998809814,1.2085819194541296
300,sigmoid,11,SGD_with_cosine,small_random,0.001,0.6921156048774719,0.3053698637698978
300,relu,11,Momentum_with_cosine,Xavier,0,0.6941238641738892,0.47037574204501104
300,relu,8,Adam_with_cosine,Xavier,0.0001,0.6949395537376404,0.5488151397884009
100,tanh,8,Adam_with_cosine,small_random,0.001,0.6976556777954102,0.8804593445864539
300,sigmoid,8,Momentum_with_cosine,Xavier,0.0001,0.7001779079437256,0.46247184309253314
300,relu,8,Adam_with_cosine,Xavier,0.001,0.7068856358528137,1.3296391116478272
100,sigmoid,5,SGD_with_cosine,Xavier,0,0.7121623158454895,0.8593104417464154
200,relu,8,Momentum_with_cosine,Xavier,0,0.712253749370575,0.8707893313856621
100,tanh,5,Adam_with_cosine,Xavier,0.0001,0.7154353857040405,0.5310896839107051
300,tanh,5,Momentum_with_cosine,Xavier,0.0001,0.7204984426498413,0.3531498102093925
100,sigmoid,11,Adam_with_cosine,small_random,0.0001,0.721031129360199,0.4075091911329901
100,tanh,5,Momentum_with_cosine,small_random,0.0001,0.7247557044029236,1.0232559639660694
200,sigmoid,11,Momentum_with_cosine,small_random,0,0.7284515500068665,0.7629211866262543
100,sigmoid,11,Momentum_with_cosine,Xavier,0.001,0.7299937009811401,0.8700497567670162
100,relu,8,SGD_with_cosine,small_random,0,0.7324219942092896,1.4300664431845165
200,tanh,8,Momentum_with_cosine,small_random,0.001,0.73405921459198,0.582569439404896
100,sigmoid,8,Adam_with_cosine,small_random,0,0.7341117262840271,0.8814550477451784
100,tanh,8,Adam_with_cosine,small_random,0.0001,0.7388607859611511,0.43937426895418263
300,relu,11,Adam_with_cosine,Xavier,0.0001,0.740785539150238,0.8444736916554629
300,sigmoid,8,Momentum_with_cosine,small_random,0.0001,0.7457924485206604,0.7171702470325262
300,relu,5,Momentum_with_cosine,Xavier,0,0.7540285587310791,0.7128837128292731
200,tanh,11,Adam_with_cosine,Xavier,0.0001,0.754680871963501,0.29275059653507846
100,relu,11,SGD_with_cosine,Xavier,0.001,0.7592236995697021,0.5689884041306459
200,sigmoid,11,Adam_with_cosine,small_random,0.001,0.7599743008613586,0.711340252026175
100,sigmoid,11,Momentum_with_cosine,Xavier,0,0.7646213173866272,0.776000664120049
300,relu,5,Momentum_with_cosine,Xavier,0.0001,0.7661316394805908,0.6213575023037127
300,sigmoid,8,Adam_with_cosine,small_random,0.001,0.7762048244476318,0.8156680426721422
200,tanh,11,SGD_with_cosine,small_random,0,0.7837923169136047,0.6809051473440835
200,tanh,8,SGD_with_cosine,small_random,0.001,0.7847809195518494,0.6573295334498563
100,relu,8,Momentum_with_cosine,Xavier,0.0001,0.7849735617637634,0.9101144041286495
300,tanh,11,SGD_with_cosine,small_random,0,0.7877187132835388,0.35714237157577194
200,relu,5,Momentum_with_cosine,Xavier,0.0001,0.7901824116706848,1.0242447891177513
300,tanh,8,Adam_with_cosine,small_random,0.001,0.790782630443573,0.6117139259999907
100,sigmoid,11,Momentum_with_cosine,small_random,0,0.7944364547729492,0.6223858049980815
100,tanh,8,SGD_with_cosine,Xavier,0.001,0.7944552898406982,0.9221868389145556
100,tanh,11,SGD_with_cosine,Xavier,0,0.7972855567932129,0.8341394894599252
100,relu,8,Adam_with_cosine,small_random,0.0001,0.8005306124687195,1.3344783556021536
200,sigmoid,11,SGD_with_cosine,Xavier,0.0001,0.8013890385627747,0.7739331539848671
300,tanh,11,SGD_with_cosine,Xavier,0.0001,0.8045729994773865,1.2435146441901546
100,tanh,8,Adam_with_cosine,Xavier,0,0.8058995008468628,0.9096415736825952
200,relu,8,SGD_with_cosine,small_random,0,0.806365430355072,0.8454800644005633
300,tanh,5,SGD_with_cosine,small_random,0,0.8082975149154663,0.5250134495603371
200,sigmoid,8,Momentum_with_cosine,small_random,0,0.812436580657959,0.5144252636954298
200,relu,8,Momentum_with_cosine,small_random,0.0001,0.8191948533058167,1.4628533533483115
100,sigmoid,8,SGD_with_cosine,small_random,0,0.8232274055480957,0.8940394271494642
200,tanh,8,SGD_with_cosine,small_random,0.0001,0.8252318501472473,1.0637003905072855
100,relu,8,Adam_with_cosine,small_random,0,0.8262006044387817,0.20308918224077996
200,relu,11,SGD_with_cosine,small_random,0.001,0.8265519142150879,0.705586499380069
200,sigmoid,8,SGD_with_cosine,small_random,0,0.8272855281829834,0.9812443935512345
300,relu,8,Adam_with_cosine,Xavier,0,0.8358680605888367,0.7362873330143199
300,relu,11,SGD_with_cosine,Xavier,0.0001,0.8383793830871582,1.0144090037179097
300,relu,5,Adam_with_cosine,small_random,0.0001,0.8397725820541382,0.8334475883799627
200,tanh,5,Momentum_with_cosine,small_random,0,0.8409580588340759,0.8871396956378719
200,tanh,11,Momentum_with_cosine,Xavier,0.001,0.8489859104156494,0.8841175384185411
100,tanh,11,Adam_with_cosine,Xavier,0,0.8499457240104675,0.9678893898442094
300,relu,11,Momentum_with_cosine,Xavier,0.001,0.8529033660888672,0.3873002474780939
200,tanh,11,SGD_with_cosine,small_random,0.0001,0.8584659099578857,0.6803473537762669
200,relu,8,SGD_with_cosine,Xavier,0.0001,0.8598222732543945,0.8765989883226506
200,tanh,5,SGD_with_cosine,small_random,0.001,0.8601494431495667,0.8142763338360693
300,sigmoid,11,SGD_with_cosine,Xavier,0.0001,0.8626353144645691,0.7216711588412262
200,tanh,8,Adam_with_cosine,small_random,0.001,0.8630063533782959,0.7887611141379425
300,tanh,8,Adam_with_cosine,Xavier,0,0.8651873469352722,0.48969591906917315
300,sigmoid,5,SGD_with_cosine,Xavier,0,0.8669244050979614,0.99062332300486
300,tanh,8,SGD_with_cosine,small_random,0,0.8707592487335205,0.7564803772303611
200,sigmoid,8,SGD_with_cosine,small_random,0.001,0.8745115995407104,1.1125812900711525
300,tanh,5,SGD_with_cosine,small_random,0.0001,0.8753244876861572,0.6786641474344307
300,sigmoid,11,SGD_with_cosine,Xavier,0,0.8765679597854614,0.7807598083931596
200,tanh,5,SGD_with_cosine,Xavier,0.001,0.8791838884353638,1.134949667782371
300,tanh,11,Momentum_with_cosine,Xavier,0,0.8828139305114746,0.3557964744913257
100,relu,8,SGD_with_cosine,Xavier,0.0001,0.8939647674560547,0.686170961256578
100,sigmoid,5,Momentum_with_cosine,small_random,0.001,0.8993730545043945,0.6527702582163901
100,tanh,8,SGD_with_cosine,small_random,0.001,0.9061005115509033,0.470736878609996
100,sigmoid,8,SGD_with_cosine,small_random,0.0001,0.9079136848449707,0.5215740216208338
200,tanh,8,SGD_with_cosine,Xavier,0,0.9082103371620178,0.7839238746837656
200,relu,5,Momentum_with_cosine,small_random,0,0.9122793674468994,0.9882254465335317
100,relu,5,Adam_with_cosine,Xavier,0,0.912891685962677,0.6660737591681505
200,relu,5,Momentum_with_cosine,Xavier,0,0.9139421582221985,0.9941313599489341
300,relu,8,Momentum_with_cosine,Xavier,0.001,0.9195754528045654,0.25048569601950726
200,sigmoid,5,Momentum_with_cosine,small_random,0,0.921604573726654,0.9133614345657793
100,relu,5,Adam_with_cosine,small_random,0.0001,0.9245346784591675,1.1332241974475517
200,tanh,8,Adam_with_cosine,small_random,0,0.9261260628700256,0.8953198229358226
300,sigmoid,8,Adam_with_cosine,Xavier,0.0001,0.9302570223808289,0.9916608006711932
100,relu,5,Adam_with_cosine,small_random,0.001,0.9303282499313354,1.171485389334927
200,tanh,11,Momentum_with_cosine,small_random,0.001,0.9314571022987366,0.37933569347719437
100,sigmoid,8,Momentum_with_cosine,Xavier,0,0.9348970055580139,0.9238633003777952
200,relu,11,Adam_with_cosine,Xavier,0.001,0.9390077590942383,0.5451785088467075
300,relu,11,SGD_with_cosine,small_random,0,0.940613329410553,2.053011494841102
100,tanh,11,Adam_with_cosine,small_random,0.001,0.9412513971328735,0.38396072126706815
200,sigmoid,11,Adam_with_cosine,Xavier,0.0001,0.9448654651641846,0.9461865266922898
300,tanh,11,Adam_with_cosine,Xavier,0,0.9460227489471436,0.46999116018319964
100,relu,8,Momentum_with_cosine,small_random,0.001,0.9466757774353027,0.5014386879366526
300,sigmoid,8,Adam_with_cosine,Xavier,0,0.9482088685035706,0.9835755241207045
300,tanh,8,SGD_with_cosine,Xavier,0,0.9498407244682312,0.7667394154482922
200,sigmoid,8,Momentum_with_cosine,small_random,0.0001,0.9609695076942444,0.7739879007800243
100,relu,8,Momentum_with_cosine,Xavier,0.001,0.9619191884994507,1.5376583099698964
200,tanh,11,Adam_with_cosine,small_random,0,0.9633092284202576,0.9376670783114603
200,relu,8,Adam_with_cosine,Xavier,0.0001,0.9644908308982849,0.6848049253339833
200,relu,5,SGD_with_cosine,Xavier,0,0.9677076935768127,1.4406017763195995
300,tanh,8,Momentum_with_cosine,Xavier,0,0.9721493721008301,0.7717017727487347
300,tanh,5,SGD_with_cosine,Xavier,0,0.9848113656044006,0.7194031783311963
100,tanh,11,Momentum_with_cosine,small_random,0.0001,0.9865142703056335,0.8148883496563276
100,tanh,11,SGD_with_cosine,small_random,0,0.9918754696846008,0.6799200157263567
300,relu,5,Adam_with_cosine,small_random,0,0.9989805817604065,0.977697760338657
100,relu,5,Momentum_with_cosine,Xavier,0.0001,0.9997276663780212,0.38724198934177734
300,relu,8,Momentum_with_cosine,Xavier,0,1.0038377046585083,0.8192653946946651
100,sigmoid,5,Adam_with_cosine,Xavier,0.001,1.0082833766937256,0.9993610883932215
200,sigmoid,5,Momentum_with_cosine,Xavier,0.001,1.0159164667129517,0.8962731498834816
100,tanh,5,Momentum_with_cosine,Xavier,0.0001,1.0161528587341309,1.146336191016551
100,tanh,5,Adam_with_cosine,small_random,0.001,1.0166409015655518,0.3528532870127514
200,tanh,8,Momentum_with_cosine,small_random,0,1.0189908742904663,0.8480254832884287
300,relu,5,SGD_with_cosine,small_random,0.001,1.0223058462142944,0.9523045305274653
100,tanh,5,SGD_with_cosine,Xavier,0,1.0244066715240479,1.4507265595479903
100,sigmoid,11,SGD_with_cosine,Xavier,0.0001,1.025429606437683,1.0398968309077812
100,relu,11,Momentum_with_cosine,small_random,0.001,1.0306216478347778,0.8415588902113614
200,sigmoid,5,SGD_with_cosine,Xavier,0.0001,1.0419546365737915,1.0807546498555067
100,tanh,5,Adam_with_cosine,Xavier,0.001,1.0427364110946655,0.5566644094716922
300,relu,8,SGD_with_cosine,small_random,0.0001,1.0469996929168701,0.49937183223443143
300,relu,8,SGD_with_cosine,Xavier,0.0001,1.05233633518219,1.190596449675948
300,sigmoid,8,SGD_with_cosine,Xavier,0.0001,1.0534743070602417,1.0831770560220142
200,sigmoid,8,Momentum_with_cosine,Xavier,0.0001,1.0548850297927856,1.0320845341446636
300,sigmoid,5,Momentum_with_cosine,small_random,0.0001,1.0580030679702759,1.34496485553509
300,tanh,8,Adam_with_cosine,small_random,0,1.0601121187210083,0.6336599065149351
100,tanh,8,Adam_with_cosine,Xavier,0.0001,1.064538836479187,0.46011076045051663
200,sigmoid,5,SGD_with_cosine,small_random,0.0001,1.0648891925811768,1.1310261215165005
200,relu,8,Adam_with_cosine,Xavier,0,1.069029688835144,1.054126635319966
200,tanh,11,Momentum_with_cosine,small_random,0,1.0839804410934448,1.0407644322975347
200,tanh,11,Momentum_with_cosine,small_random,0.0001,1.0878684520721436,1.0488035535926374
100,sigmoid,8,Adam_with_cosine,small_random,0.001,1.0895320177078247,1.1702203977985668
200,relu,5,Adam_with_cosine,small_random,0,1.096333384513855,1.802585694950798
100,sigmoid,5,Momentum_with_cosine,Xavier,0.001,1.1179187297821045,0.9713732826982551
300,relu,5,Adam_with_cosine,small_random,0.001,1.1199053525924683,0.920638213242133
100,sigmoid,11,Adam_with_cosine,small_random,0.001,1.124135971069336,1.262304919802895
100,relu,8,Momentum_with_cosine,Xavier,0,1.143664836883545,0.9750124950991946
300,relu,11,Momentum_with_cosine,Xavier,0.0001,1.1449971199035645,1.0996582873766154
100,sigmoid,5,Adam_with_cosine,small_random,0.001,1.1503750085830688,1.1509407643917493
300,tanh,8,SGD_with_cosine,Xavier,0.0001,1.1597894430160522,1.036739600281936
200,tanh,5,Momentum_with_cosine,small_random,0.001,1.1617716550827026,1.6299752451126215
200,sigmoid,11,Momentum_with_cosine,small_random,0.0001,1.166024923324585,0.9074170650488731
200,tanh,11,Momentum_with_cosine,Xavier,0,1.1669559478759766,0.8727657130850099
300,relu,8,Momentum_with_cosine,Xavier,0.0001,1.16873037815094,1.1135058274570935
200,relu,5,SGD_with_cosine,small_random,0,1.1700836420059204,1.6214437119546814
100,tanh,8,Momentum_with_cosine,Xavier,0.0001,1.1736133098602295,1.4197904208442313
300,tanh,11,SGD_with_cosine,small_random,0.0001,1.1753129959106445,0.7981318109195171
300,sigmoid,5,Adam_with_cosine,Xavier,0.001,1.1772403717041016,1.1566332071078598
300,relu,5,Momentum_with_cosine,small_random,0.001,1.179929494857788,1.4604379758620087
300,sigmoid,5,SGD_with_cosine,Xavier,0.0001,1.1842917203903198,1.2148149413141258
200,sigmoid,8,Momentum_with_cosine,small_random,0.001,1.1876295804977417,1.319778527101998
300,sigmoid,5,SGD_with_cosine,small_random,0.001,1.1970800161361694,1.587111069277181
300,relu,8,SGD_with_cosine,Xavier,0,1.1985894441604614,1.2592015436172104
200,tanh,11,Adam_with_cosine,small_random,0.0001,1.2071712017059326,0.6620833402959427
100,sigmoid,8,Adam_with_cosine,Xavier,0,1.207578182220459,1.2125407412978202
300,relu,5,Adam_with_cosine,Xavier,0.001,1.2106083631515503,1.1745187020430197
300,relu,8,Adam_with_cosine,small_random,0,1.2117209434509277,1.9324618116713241
200,tanh,8,Adam_with_cosine,Xavier,0.001,1.2127071619033813,0.7262673665937494
100,relu,11,SGD_with_cosine,Xavier,0.0001,1.221319317817688,1.1158956572638281
100,tanh,5,SGD_with_cosine,Xavier,0.001,1.2228834629058838,1.2462685571290264
300,sigmoid,11,Momentum_with_cosine,small_random,0.001,1.2232006788253784,1.0502812965773947
300,tanh,8,Momentum_with_cosine,small_random,0.001,1.22393798828125,1.3382087875143232
300,sigmoid,8,SGD_with_cosine,Xavier,0.001,1.2298024892807007,1.3751153094794653
200,sigmoid,5,Momentum_with_cosine,small_random,0.0001,1.2327690124511719,1.080398171197698
300,sigmoid,5,Adam_with_cosine,small_random,0.0001,1.2397983074188232,0.90271780945477
200,sigmoid,11,Momentum_with_cosine,small_random,0.001,1.2462083101272583,1.2634339261907765
100,tanh,5,Adam_with_cosine,small_random,0,1.2559412717819214,0.798280254632213
300,tanh,5,Momentum_with_cosine,small_random,0,1.260271430015564,1.4542822698421438
300,sigmoid,8,SGD_with_cosine,small_random,0,1.2654365301132202,1.2476336587718273
100,tanh,11,SGD_with_cosine,small_random,0.0001,1.268202781677246,1.7512976146471384
300,sigmoid,11,Momentum_with_cosine,Xavier,0.001,1.2743306159973145,1.2035089959176621
300,relu,8,Momentum_with_cosine,small_random,0.001,1.278070092201233,2.849016512857012
300,tanh,5,Momentum_with_cosine,small_random,0.0001,1.2795523405075073,1.964676539888709
300,tanh,11,SGD_with_cosine,Xavier,0,1.2857800722122192,0.6984395665510161
100,relu,5,Momentum_with_cosine,small_random,0.001,1.288353681564331,2.315586666016682
300,tanh,11,SGD_with_cosine,small_random,0.001,1.2909858226776123,1.3266555208111017
200,relu,8,Adam_with_cosine,small_random,0,1.2938653230667114,1.3739738596678384
300,sigmoid,11,Adam_with_cosine,small_random,0.001,1.3079890012741089,1.0702797773738737
100,tanh,11,Momentum_with_cosine,small_random,0.001,1.3101040124893188,0.9562476268701889
100,tanh,5,SGD_with_cosine,small_random,0.0001,1.3140084743499756,1.1057495470593584
200,tanh,8,Adam_with_cosine,small_random,0.0001,1.314184308052063,1.8157191115936537
300,tanh,8,SGD_with_cosine,small_random,0.0001,1.3164253234863281,2.0796854398499702
200,tanh,5,SGD_with_cosine,small_random,0.0001,1.3194139003753662,1.1643320443994152
300,sigmoid,8,Adam_with_cosine,small_random,0.0001,1.320997714996338,1.037811083044068
200,tanh,8,SGD_with_cosine,small_random,0,1.3227360248565674,1.2106493243653302
200,tanh,5,Momentum_with_cosine,small_random,0.0001,1.3422980308532715,0.8797149476787356
100,relu,5,SGD_with_cosine,small_random,0,1.3485130071640015,1.3725024382443154
200,tanh,5,Momentum_with_cosine,Xavier,0.001,1.3487002849578857,1.2080848707092566
200,sigmoid,8,Adam_with_cosine,small_random,0,1.3580968379974365,1.3200037333946177
300,sigmoid,11,Momentum_with_cosine,small_random,0.0001,1.3692338466644287,1.5537880274586893
300,tanh,11,Adam_with_cosine,Xavier,0.001,1.3941168785095215,1.5101322456793487
100,tanh,5,Momentum_with_cosine,small_random,0,1.4140963554382324,1.360101435410805
100,sigmoid,5,Adam_with_cosine,Xavier,0,1.4187108278274536,1.4004162084194165
100,tanh,8,SGD_with_cosine,Xavier,0.0001,1.4237158298492432,1.7289205696812198
300,tanh,5,SGD_with_cosine,small_random,0.001,1.432085394859314,0.8707636807795599
100,tanh,8,Momentum_with_cosine,small_random,0,1.4365472793579102,1.2862535415601979
300,tanh,8,Momentum_with_cosine,small_random,0,1.4455968141555786,0.9911211891040772
300,relu,11,SGD_with_cosine,small_random,0.001,1.4513020515441895,0.6268324670960824
100,tanh,5,SGD_with_cosine,small_random,0,1.4700409173965454,1.5217865440789637
100,tanh,11,Momentum_with_cosine,Xavier,0.001,1.4718806743621826,1.4167029117099748
100,sigmoid,8,Adam_with_cosine,Xavier,0.0001,1.4752293825149536,1.387150932442582
300,tanh,11,Adam_with_cosine,small_random,0,1.4889942407608032,1.1885500682387882
300,tanh,5,Adam_with_cosine,small_random,0.0001,1.4905061721801758,2.048802400825545
100,relu,11,Adam_with_cosine,small_random,0.001,1.4919387102127075,1.7590562555674136
200,tanh,5,Adam_with_cosine,small_random,0.0001,1.4923585653305054,1.7938188752447224
100,tanh,8,SGD_with_cosine,small_random,0,1.4940292835235596,1.2302741278506697
200,relu,11,Adam_with_cosine,small_random,0.0001,1.4957337379455566,1.590235204745421
100,tanh,8,Adam_with_cosine,small_random,0,1.4968973398208618,2.0189306964704294
100,sigmoid,11,SGD_with_cosine,small_random,0,1.496904730796814,1.6827897961674054
200,tanh,5,SGD_with_cosine,Xavier,0,1.4997351169586182,1.6420697109211158
200,tanh,8,Momentum_with_cosine,small_random,0.0001,1.5026347637176514,0.7774343449099587
200,sigmoid,11,SGD_with_cosine,small_random,0,1.5081067085266113,1.3207401615220495
200,relu,8,SGD_with_cosine,small_random,0.0001,1.5152863264083862,2.16230149655364
100,sigmoid,11,Adam_with_cosine,Xavier,0.0001,1.521522879600525,1.587574995749384
300,sigmoid,5,SGD_with_cosine,small_random,0,1.5277107954025269,1.9347694490676586
200,sigmoid,11,SGD_with_cosine,Xavier,0,1.5322483777999878,1.6536412189374072
100,sigmoid,8,Momentum_with_cosine,Xavier,0.0001,1.541045069694519,1.571078864496138
300,tanh,5,SGD_with_cosine,Xavier,0.001,1.5488032102584839,1.330947272899539
100,sigmoid,11,SGD_with_cosine,Xavier,0,1.5537471771240234,1.4858224833315339
300,sigmoid,11,Momentum_with_cosine,Xavier,0,1.580756664276123,1.7143654778309114
100,tanh,5,Adam_with_cosine,small_random,0.0001,1.5920560359954834,1.716389005141913
300,sigmoid,8,SGD_with_cosine,small_random,0.0001,1.59755539894104,1.8277226302368685
100,tanh,11,Adam_with_cosine,small_random,0,1.6215808391571045,1.6431171516691496
100,relu,11,Momentum_with_cosine,Xavier,0,1.6515488624572754,1.0905586483639973
300,relu,11,Adam_with_cosine,small_random,0.001,1.6650186777114868,2.8038571623134696
300,sigmoid,11,Momentum_with_cosine,Xavier,0.0001,1.6663566827774048,1.7978272333141418
200,relu,11,SGD_with_cosine,small_random,0,1.6725672483444214,0.8624532558706531
300,relu,8,SGD_with_cosine,small_random,0.001,1.67850661277771,0.8747698946891278
300,tanh,5,Momentum_with_cosine,Xavier,0,1.681597352027893,1.4173030561202433
300,relu,11,SGD_with_cosine,small_random,0.0001,1.684510350227356,1.0683986193204265
100,relu,5,SGD_with_cosine,small_random,0.001,1.6888388395309448,2.757574169838266
300,sigmoid,8,SGD_with_cosine,small_random,0.001,1.7028838396072388,1.5825820937447213
200,sigmoid,11,SGD_with_cosine,small_random,0.001,1.7334107160568237,1.7744203154347091
300,relu,11,Adam_with_cosine,small_random,0.0001,1.7587296962738037,1.4579405113759958
200,relu,11,Momentum_with_cosine,small_random,0.0001,1.7756783962249756,1.9231200372404378
300,relu,5,SGD_with_cosine,small_random,0,1.7810275554656982,2.7527587198529684
300,sigmoid,8,Momentum_with_cosine,Xavier,0.001,1.7926533222198486,1.6850718983761928
200,relu,8,SGD_with_cosine,Xavier,0,1.7987887859344482,2.286896602745483
100,tanh,8,SGD_with_cosine,small_random,0.0001,1.8021618127822876,2.1182432763434096
300,sigmoid,5,Adam_with_cosine,small_random,0.001,1.8082163333892822,1.7085252861438514
100,sigmoid,8,Momentum_with_cosine,small_random,0.001,1.812235951423645,1.5884239048644118
100,relu,8,Adam_with_cosine,Xavier,0.001,1.815616250038147,1.4511535136263385
200,tanh,5,Adam_with_cosine,small_random,0.001,1.818596601486206,1.5109516330549575
300,tanh,5,Momentum_with_cosine,small_random,0.001,1.8314980268478394,1.6195468962710087
100,relu,11,SGD_with_cosine,small_random,0,1.8425501585006714,0.3785250521650691
300,sigmoid,5,SGD_with_cosine,small_random,0.0001,1.8505035638809204,1.569153814618305
300,relu,11,Momentum_with_cosine,small_random,0.001,1.8597891330718994,1.0739554384275716
100,relu,8,Momentum_with_cosine,small_random,0.0001,1.8842233419418335,1.8002035825243385
300,sigmoid,5,Momentum_with_cosine,Xavier,0,1.9070823192596436,1.913810859954008
200,tanh,5,SGD_with_cosine,small_random,0,1.928045630455017,1.4689873162113336
300,tanh,8,Adam_with_cosine,small_random,0.0001,1.941101312637329,1.786388330304924
200,tanh,11,Adam_with_cosine,Xavier,0,1.9573866128921509,2.2577576593811415
300,tanh,11,Adam_with_cosine,Xavier,0.0001,1.9665775299072266,1.1319706591695413
200,relu,11,Momentum_with_cosine,small_random,0.001,1.972236156463623,2.7585445332787306
100,tanh,11,Adam_with_cosine,Xavier,0.001,1.9810841083526611,1.6412087565836573
300,relu,11,Adam_with_cosine,small_random,0,1.9934583902359009,2.3716764638496017
200,sigmoid,11,Adam_with_cosine,Xavier,0,2.017061471939087,2.012882077394697
300,tanh,11,Momentum_with_cosine,small_random,0.001,2.019251585006714,1.6767608656730775
200,relu,8,SGD_with_cosine,small_random,0.001,2.0271992683410645,3.2010145738901064
200,relu,8,Adam_with_cosine,Xavier,0.001,2.0457491874694824,2.3874829214120163
300,sigmoid,11,Adam_with_cosine,Xavier,0,2.0638210773468018,2.104225240477877
300,relu,8,Adam_with_cosine,small_random,0.0001,2.0744030475616455,0.9128334883704617
100,sigmoid,11,SGD_with_cosine,small_random,0.001,2.081089973449707,2.363047236666611
200,relu,5,SGD_with_cosine,small_random,0.001,2.085099935531616,1.4291061134982914
100,relu,8,Momentum_with_cosine,small_random,0,2.0985817909240723,1.4427454359709793
100,sigmoid,8,Momentum_with_cosine,Xavier,0.001,2.116633415222168,2.1293426247761222
300,relu,11,Momentum_with_cosine,small_random,0,2.120448112487793,2.277451962313029
300,relu,5,SGD_with_cosine,Xavier,0,2.1504855155944824,2.367505200246147
100,sigmoid,8,Adam_with_cosine,Xavier,0.001,2.1507761478424072,2.140990363308735
100,relu,11,SGD_with_cosine,small_random,0.0001,2.1927390098571777,2.5262590714555153
300,relu,5,Adam_with_cosine,Xavier,0,2.2160305976867676,2.5078149133657575
100,relu,11,SGD_with_cosine,small_random,0.001,2.298872470855713,1.797970072501437
100,sigmoid,5,Momentum_with_cosine,small_random,0,2.301872491836548,1.8870371846090384
200,relu,5,SGD_with_cosine,small_random,0.0001,2.337764024734497,1.5679532734969195
200,relu,11,Momentum_with_cosine,small_random,0,2.418006181716919,2.6692897601466976
300,relu,11,Momentum_with_cosine,small_random,0.0001,2.420344114303589,1.7372465673830169
100,tanh,11,Adam_with_cosine,small_random,0.0001,2.6405375003814697,3.253073709201434
100,tanh,5,SGD_with_cosine,small_random,0.001,2.641305685043335,2.3725552573369364
100,relu,11,Momentum_with_cosine,small_random,0.0001,2.6809568405151367,2.577942221457867
200,sigmoid,5,SGD_with_cosine,small_random,0,2.7062931060791016,2.535320392509262
100,relu,8,Adam_with_cosine,small_random,0.001,2.7566370964050293,2.709175298192067
100,relu,5,SGD_with_cosine,small_random,0.0001,2.8197031021118164,1.731944911305766
200,relu,8,Momentum_with_cosine,small_random,0.001,2.831685781478882,3.2185526591138753
200,relu,5,Adam_with_cosine,small_random,0.001,2.872161388397217,3.4796818617974075
200,relu,8,Adam_with_cosine,small_random,0.0001,3.055938482284546,1.7004939768692247
100,relu,8,SGD_with_cosine,small_random,0.001,3.145099401473999,4.555877139707893
200,relu,11,SGD_with_cosine,small_random,0.0001,3.174628257751465,4.506380812248166
300,relu,8,Adam_with_cosine,small_random,0.001,3.214573860168457,3.7791030119187297
100,relu,5,Momentum_with_cosine,small_random,0,3.3525776863098145,2.5318928065563053
300,relu,8,Momentum_with_cosine,small_random,0,3.363110065460205,2.689783886647823
100,relu,5,Momentum_with_cosine,small_random,0.0001,3.664038896560669,4.337985770865974
200,relu,11,Adam_with_cosine,small_random,0,3.857083559036255,2.4774793738479777
200,relu,5,Momentum_with_cosine,small_random,0.001,3.919459819793701,5.22264356741227
200,relu,11,Adam_with_cosine,small_random,0.001,4.207826614379883,4.849050639492996
100,relu,8,SGD_with_cosine,small_random,0.0001,5.463849067687988,5.311232287543217
300,relu,5,Momentum_with_cosine,small_random,0.0001,5.622427463531494,5.592002668918375
100,relu,11,Adam_with_cosine,small_random,0,5.931021690368652,5.6789172647220525
